,fips,frequency,STATEFP,COUNTYFP,COUNAME,STNAME,POPULATION,LATITUDE,LONGITUDE
273,46065,13,46,065,Hughes,South Dakota,17022,+44.382662,-100.305241
1511,46117,9,46,117,Stanley,South Dakota,2966,+44.363198,-100.436337
142,46019,8,46,019,Butte,South Dakota,10110,+44.672144,-103.761216
335,08095,7,08,095,Phillips,Colorado,4442,+40.599517,-102.387354
1265,17109,7,17,109,McDonough,Illinois,32612,+40.469472,-090.669344
419,17175,7,17,175,Stark,Illinois,5994,+41.098377,-089.792451
727,19133,7,19,133,Monona,Iowa,9243,+42.063026,-095.985135
167,20089,7,20,089,Jewell,Kansas,3077,+39.775457,-098.201227
266,21129,7,21,129,Lee,Kentucky,7887,+37.591773,-083.701692
1245,27083,7,27,083,Lyon,Minnesota,25857,+44.428427,-095.795395
19,27173,7,27,173,Yellow Medicine,Minnesota,10438,+44.737553,-095.825953
1296,29211,7,29,211,Sullivan,Missouri,6714,+40.217733,-093.103734
214,31115,7,31,115,Loup,Nebraska,632,+41.816483,-099.402546
1177,38059,7,38,059,Morton,North Dakota,27471,+46.819739,-101.011434
1446,38073,7,38,073,Ransom,North Dakota,5457,+46.478257,-097.657193
140,46011,7,46,011,Brookings,South Dakota,31965,+44.312257,-096.786838
141,46013,7,46,013,Brown,South Dakota,36531,+45.477807,-098.448464
515,46041,7,46,041,Dewey,South Dakota,5301,+45.116808,-101.117074
752,46081,7,46,081,Lawrence,South Dakota,24097,+44.447051,-103.800718
751,46083,7,46,083,Lincoln,South Dakota,44828,+43.427562,-096.746072
175,46093,7,46,093,Meade,South Dakota,25434,+44.296996,-103.288909
1627,46101,7,46,101,Moody,South Dakota,6486,+44.019542,-096.657610
1626,46103,7,46,103,Pennington,South Dakota,100948,+44.064633,-103.213752
1630,46109,7,46,109,Roberts,South Dakota,10149,+45.613020,-096.952207
1510,46115,7,46,115,Spink,South Dakota,6415,+44.910381,-098.429642
15,46137,7,46,137,Ziebach,South Dakota,2801,+44.939041,-101.524925
193,48045,7,48,045,Briscoe,Texas,1637,+34.440834,-101.232801
431,48447,7,48,447,Throckmorton,Texas,1641,+33.139397,-099.134420
632,02275,6,02,275,Wrangell,Alaska,2369,+56.385821,-132.310837
914,08115,6,08,115,Sedgwick,Colorado,2379,+40.960246,-102.327670
1412,17009,6,17,009,Brown,Illinois,6937,+39.964815,-090.746466
527,17187,6,17,187,Warren,Illinois,17707,+40.890638,-090.636371
744,19007,6,19,007,Appanoose,Iowa,12887,+40.739836,-092.867034
1345,19021,6,19,021,Buena Vista,Iowa,20260,+42.679153,-095.181444
619,19035,6,19,035,Cherokee,Iowa,12072,+42.749288,-095.593937
1237,19041,6,19,041,Clay,Iowa,16667,+43.127315,-095.159571
1370,19051,6,19,051,Davis,Iowa,8753,+40.765097,-092.415821
1488,19083,6,19,083,Hardin,Iowa,17534,+42.436775,-093.215799
1617,19091,6,19,091,Humboldt,Iowa,9815,+42.746790,-094.215551
598,19101,6,19,101,Jefferson,Iowa,16843,+41.013171,-091.964603
605,19109,6,19,109,Kossuth,Iowa,15543,+43.147016,-094.220570
478,19111,6,19,111,Lee,Iowa,35862,+40.558570,-091.396226
1226,19115,6,19,115,Louisa,Iowa,11387,+41.225790,-091.259929
114,19141,6,19,141,O'Brien,Iowa,14398,+43.126413,-095.690881
108,19147,6,19,147,Palo Alto,Iowa,9421,+43.099878,-094.690212
106,19149,6,19,149,Plymouth,Iowa,24986,+42.747907,-096.203431
1541,19177,6,19,177,Van Buren,Iowa,7570,+40.745557,-091.939134
1183,19181,6,19,181,Warren,Iowa,46225,+41.400885,-093.588243
1215,19193,6,19,193,Woodbury,Iowa,102172,+42.483225,-096.344174
1284,20141,6,20,141,Osborne,Kansas,3858,+39.424792,-098.707572
1408,20179,6,20,179,Sheridan,Kansas,2556,+39.367910,-100.467964
767,21189,6,21,189,Owsley,Kentucky,4755,+37.452097,-083.684099
886,26095,6,26,095,Luce,Michigan,6631,+46.334456,-085.550951
715,27023,6,27,023,Chippewa,Minnesota,12441,+44.960561,-095.620749
232,27033,6,27,033,Cottonwood,Minnesota,11687,+43.941510,-095.119501
841,27055,6,27,055,Houston,Minnesota,19027,+43.718927,-091.440063
736,27119,6,27,119,Polk,Minnesota,31600,+47.780427,-096.550934
393,27127,6,27,127,Redwood,Minnesota,16059,+44.438880,-095.195158
385,27129,6,27,129,Renville,Minnesota,15730,+44.721974,-094.937875
128,27149,6,27,149,Stevens,Minnesota,9726,+45.580687,-095.926026
1633,27167,6,27,167,Wilkin,Minnesota,6576,+46.316536,-096.529683
1701,29001,6,29,001,Adair,Missouri,25607,+40.195660,-092.582446
224,29115,6,29,115,Linn,Missouri,12761,+39.796774,-093.065191
1175,29197,6,29,197,Schuyler,Missouri,4431,+40.461815,-092.521984
1355,31077,6,31,077,Greeley,Nebraska,2538,+41.556319,-098.497703
88,31125,6,31,125,Nance,Nebraska,3735,+41.403829,-097.895028
582,31161,6,31,161,Sheridan,Nebraska,5469,+42.699305,-102.398893
472,31173,6,31,173,Thurston,Nebraska,6940,+42.159409,-096.515688
688,38017,6,38,017,Cass,North Dakota,149778,+46.860506,-096.861406
1572,38065,6,38,065,Oliver,North Dakota,1846,+47.121328,-101.307901
1447,38071,6,38,071,Ramsey,North Dakota,11451,+48.136409,-098.834844
1602,38081,6,38,081,Sargent,North Dakota,3829,+46.163745,-097.591691
1475,38091,6,38,091,Steele,North Dakota,1975,+47.459656,-097.746445
1473,38097,6,38,097,Traill,North Dakota,8121,+47.491264,-097.226828
792,40057,6,40,057,Harmon,Oklahoma,2922,+34.694761,-099.897993
1651,46035,6,46,035,Davison,South Dakota,19504,+43.706368,-098.041463
1649,46037,6,46,037,Day,South Dakota,5710,+45.364549,-097.520104
513,46045,6,46,045,Edmunds,South Dakota,4071,+45.453502,-099.160435
627,46055,6,46,055,Haakon,South Dakota,1937,+44.130701,-101.577551
271,46061,6,46,061,Hanson,South Dakota,3331,+43.658195,-097.780795
275,46069,6,46,069,Hyde,South Dakota,1420,+44.511151,-099.460110
404,46075,6,46,075,Jones,South Dakota,1006,+43.902516,-100.697764
753,46087,6,46,087,McCook,South Dakota,5618,+43.666866,-097.344878
878,46099,6,46,099,Minnehaha,South Dakota,169468,+43.559391,-096.732329
118,46125,6,46,125,Turner,South Dakota,8347,+43.301965,-097.115892
119,46127,6,46,127,Union,South Dakota,14399,+42.702762,-096.600368
908,48023,6,48,023,Baylor,Texas,3726,+33.596338,-099.261330
1436,48191,6,48,191,Hall,Texas,3353,+34.658133,-100.604341
1405,49009,6,49,009,Daggett,Utah,1059,+40.967854,-109.646088
376,55003,6,55,003,Ashland,Wisconsin,16157,+46.470378,-090.783551
379,55007,6,55,007,Bayfield,Wisconsin,15014,+46.588678,-091.102103
113,55023,6,55,023,Crawford,Wisconsin,16644,+43.159807,-091.011263
247,55031,6,55,031,Douglas,Wisconsin,44159,+46.633029,-092.017477
245,55033,6,55,033,Dunn,Wisconsin,43857,+44.914467,-091.895108
852,55041,6,55,041,Forest,Wisconsin,9304,+45.561305,-088.806904
1212,55099,6,55,099,Price,Wisconsin,14159,+45.724747,-090.398474
229,55107,6,55,107,Rusk,Wisconsin,14755,+45.448067,-091.127194
95,55113,6,55,113,Sawyer,Wisconsin,16557,+45.936442,-091.346565
1360,06091,5,06,091,Sierra,California,3240,+39.612588,-120.414236
83,08057,5,08,057,Jackson,Colorado,1394,+40.692851,-106.291292
343,17047,5,17,047,Edwards,Illinois,6721,+38.402493,-088.040630
1152,17067,5,17,067,Hancock,Illinois,19104,+40.425725,-091.203133
1288,17071,5,17,071,Henderson,Illinois,7331,+40.828841,-090.944800
889,17131,5,17,131,Mercer,Illinois,16434,+41.214043,-090.687167
532,17169,5,17,169,Schuyler,Illinois,7544,+40.131180,-090.568639
413,17193,5,17,193,White,Illinois,14665,+38.089959,-088.192241
742,19001,5,19,001,Adair,Iowa,7682,+41.344629,-094.479157
1342,19025,5,19,025,Calhoun,Iowa,9670,+42.400162,-094.625331
1343,19027,5,19,027,Carroll,Iowa,20816,+42.038571,-094.867634
498,19029,5,19,029,Cass,Iowa,13956,+41.365898,-094.979466
336,19037,5,19,037,Chickasaw,Iowa,12439,+43.038059,-092.344319
617,19039,5,19,039,Clarke,Iowa,9286,+41.036835,-093.781260
1373,19057,5,19,057,Des Moines,Iowa,40325,+40.833525,-091.141489
1369,19059,5,19,059,Dickinson,Iowa,16667,+43.389624,-095.133548
1105,19073,5,19,073,Greene,Iowa,9336,+42.029792,-094.375962
1108,19075,5,19,075,Grundy,Iowa,12453,+42.380262,-092.748284
1107,19077,5,19,077,Guthrie,Iowa,10954,+41.669446,-094.431251
270,19087,5,19,087,Henry,Iowa,20145,+40.981343,-091.537058
1493,19089,5,19,089,Howard,Iowa,9566,+43.361616,-092.231027
1618,19093,5,19,093,Ida,Iowa,7089,+42.391343,-095.504381
1613,19099,5,19,099,Jasper,Iowa,36842,+41.678374,-093.070038
484,19117,5,19,117,Lucas,Iowa,8898,+41.021148,-093.313045
486,19119,5,19,119,Lyon,Iowa,11581,+43.385265,-096.218544
847,19121,5,19,121,Madison,Iowa,15679,+41.347064,-093.989405
849,19123,5,19,123,Mahaska,Iowa,22381,+41.312080,-092.641016
851,19125,5,19,125,Marion,Iowa,33309,+41.354830,-093.042690
853,19127,5,19,127,Marshall,Iowa,40648,+42.031353,-092.938421
725,19135,5,19,135,Monroe,Iowa,7970,+41.035615,-092.827682
10,19157,5,19,157,Poweshiek,Iowa,18914,+41.709953,-092.620663
365,19165,5,19,165,Shelby,Iowa,12167,+41.665153,-095.320336
373,19169,5,19,169,Story,Iowa,89542,+42.026371,-093.601827
242,19171,5,19,171,Tama,Iowa,17767,+42.065599,-092.542587
240,19173,5,19,173,Taylor,Iowa,6317,+40.755364,-094.673438
238,19179,5,19,179,Wapello,Iowa,35625,+41.016218,-092.418385
779,20109,5,20,109,Logan,Kansas,2756,+39.098288,-100.925261
659,20117,5,20,117,Marshall,Kansas,10117,+39.800028,-096.573612
351,20131,5,20,131,Nemaha,Kansas,10178,+39.829915,-095.962628
905,20135,5,20,135,Ness,Kansas,3107,+38.492429,-099.898826
285,26043,5,26,043,Dickinson,Michigan,26168,+45.833651,-088.013810
487,27007,5,27,007,Beltrami,Minnesota,44442,+47.591009,-094.863032
372,27011,5,27,011,Big Stone,Minnesota,5269,+45.400021,-096.443222
713,27027,5,27,027,Clay,Minnesota,58999,+46.857998,-096.672421
967,27043,5,27,043,Faribault,Minnesota,14553,+43.680245,-093.957933
970,27045,5,27,045,Fillmore,Minnesota,20866,+43.692687,-092.082719
1200,27063,5,27,063,Jackson,Minnesota,10266,+43.665988,-095.112558
1202,27067,5,27,067,Kandiyohi,Minnesota,42239,+45.155050,-095.016796
1198,27069,5,27,069,Kittson,Minnesota,4552,+48.729536,-096.781108
1086,27073,5,27,073,Lac qui Parle,Minnesota,7259,+44.982243,-096.133339
1248,27089,5,27,089,Marshall,Minnesota,9439,+48.310109,-096.532098
614,27101,5,27,101,Murray,Minnesota,8725,+43.986450,-095.741030
612,27105,5,27,105,Nobles,Minnesota,21378,+43.636327,-095.667405
611,27107,5,27,107,Norman,Minnesota,6852,+47.307989,-096.477907
733,27113,5,27,113,Pennington,Minnesota,13930,+48.102255,-096.148403
735,27117,5,27,117,Pipestone,Minnesota,9596,+43.981472,-096.270609
508,27135,5,27,135,Roseau,Minnesota,15629,+48.821304,-095.648394
264,27151,5,27,151,Swift,Minnesota,9783,+45.274076,-095.644420
262,27155,5,27,155,Traverse,Minnesota,3558,+45.751079,-096.549170
927,29087,5,29,087,Holt,Missouri,4912,+40.092393,-095.199972
223,29117,5,29,117,Livingston,Missouri,15195,+39.795916,-093.554324
338,29127,5,29,127,Marion,Missouri,28781,+39.740805,-091.455661
453,29137,5,29,137,Monroe,Missouri,8840,+39.520553,-091.973958
1723,29171,5,29,171,Putnam,Missouri,4979,+40.480842,-092.979269
1719,29179,5,29,179,Reynolds,Missouri,6696,+37.336586,-090.972986
1156,30075,5,30,075,Powder River,Montana,1743,+45.440737,-105.535004
1326,30105,5,30,105,Valley,Montana,7369,+48.233939,-106.546143
459,31005,5,31,005,Arthur,Nebraska,460,+41.569808,-101.673813
856,31037,5,31,037,Colfax,Nebraska,10515,+41.517571,-097.076554
982,31043,5,31,043,Dakota,Nebraska,21006,+42.445678,-096.441515
1367,31091,5,31,091,Hooker,Nebraska,736,+42.016041,-101.062839
1365,31095,5,31,095,Jefferson,Nebraska,7547,+40.164028,-097.140354
358,31107,5,31,107,Knox,Nebraska,8701,+42.619110,-097.786962
212,31111,5,31,111,Lincoln,Nebraska,36288,+41.119635,-100.789230
210,31119,5,31,119,Madison,Nebraska,34876,+42.003908,-097.461692
831,31145,5,31,145,Red Willow,Nebraska,11055,+40.205475,-100.587807
706,31159,5,31,159,Seward,Nebraska,16750,+40.873593,-097.106037
473,31175,5,31,175,Valley,Nebraska,4260,+41.573370,-098.947749
816,38005,5,38,005,Benson,North Dakota,6660,+48.020822,-099.146122
815,38007,5,38,007,Billings,North Dakota,783,+47.016207,-103.308303
1057,38027,5,38,027,Eddy,North Dakota,2385,+47.707976,-099.051857
943,38031,5,38,031,Foster,North Dakota,3343,+47.461156,-099.040279
945,38035,5,38,035,Grand Forks,North Dakota,66861,+47.907658,-097.120998
944,38037,5,38,037,Grant,North Dakota,2394,+46.387962,-101.711807
1316,38043,5,38,043,Kidder,North Dakota,2435,+46.919486,-099.813669
1320,38049,5,38,049,McHenry,North Dakota,5395,+48.182793,-100.694529
1570,38061,5,38,061,Mountrail,North Dakota,7673,+48.134702,-102.371315
1445,38075,5,38,075,Renville,North Dakota,2470,+48.721416,-101.526364
1444,38077,5,38,077,Richland,North Dakota,16321,+46.264153,-096.766350
1713,38079,5,38,079,Rolette,North Dakota,13937,+48.836027,-099.817363
1597,38087,5,38,087,Slope,North Dakota,727,+46.411465,-103.443746
1477,38093,5,38,093,Stutsman,North Dakota,21100,+46.915799,-098.744696
1480,38099,5,38,099,Walsh,North Dakota,11119,+48.390892,-097.555232
955,38105,5,38,105,Williams,North Dakota,22398,+48.199801,-103.563682
40,46005,5,46,005,Beadle,South Dakota,17398,+44.368344,-098.226727
35,46009,5,46,009,Bon Homme,South Dakota,7070,+42.965559,-097.860351
639,46023,5,46,023,Charles Mix,South Dakota,9129,+43.173936,-098.516453
1527,46025,5,46,025,Clark,South Dakota,3691,+44.839529,-097.710087
1528,46027,5,46,027,Clay,South Dakota,13864,+42.811174,-096.938060
1526,46029,5,46,029,Codington,South Dakota,27227,+44.913901,-097.131386
1653,46031,5,46,031,Corson,South Dakota,4050,+45.764089,-100.924599
511,46049,5,46,049,Faulk,South Dakota,2364,+45.077019,-099.117070
628,46057,5,46,057,Hamlin,South Dakota,5903,+44.647395,-097.142214
624,46059,5,46,059,Hand,South Dakota,3431,+44.529314,-098.990895
402,46071,5,46,071,Jackson,South Dakota,3031,+43.662756,-101.651749
403,46077,5,46,077,Kingsbury,South Dakota,5148,+44.374375,-097.405002
754,46085,5,46,085,Lyman,South Dakota,3755,+43.951381,-099.721302
5,46111,5,46,111,Sanborn,South Dakota,2355,+44.006288,-098.149484
1512,46119,5,46,119,Sully,South Dakota,1373,+44.710627,-100.121731
16,46135,5,46,135,Yankton,South Dakota,22438,+42.902431,-097.394907
798,48011,5,48,011,Armstrong,Texas,1901,+35.085722,-101.392092
1036,48383,5,48,383,Reagan,Texas,3367,+31.215015,-101.465521
656,48461,5,48,461,Upton,Texas,3355,+31.183695,-102.122277
380,55005,5,55,005,Barron,Wisconsin,45870,+45.436158,-091.815595
483,55011,5,55,011,Buffalo,Wisconsin,13587,+44.379071,-091.743927
481,55017,5,55,017,Chippewa,Wisconsin,62415,+44.986588,-091.327380
243,55035,5,55,035,Eau Claire,Wisconsin,98736,+44.790413,-091.454948
976,55051,5,55,051,Iron,Wisconsin,5916,+46.353147,-090.196635
1218,55091,5,55,091,Pepin,Wisconsin,7469,+44.590724,-091.989241
466,55129,5,55,129,Washburn,Wisconsin,15911,+45.847241,-091.834412
384,02060,4,02,060,Bristol Bay,Alaska,997,+58.735464,-156.834047
234,02122,4,02,122,Kenai Peninsula,Alaska,55400,+60.292592,-151.064475
1313,08017,4,08,017,Cheyenne,Colorado,1836,+38.816795,-102.457770
325,08071,4,08,071,Las Animas,Colorado,15507,+37.196601,-104.503149
337,08099,4,08,099,Prowers,Colorado,12551,+38.083772,-102.547035
912,08111,4,08,111,San Juan,Colorado,699,+37.804646,-107.673989
1420,08125,4,08,125,Yuma,Colorado,10043,+40.069473,-102.486935
1539,17017,4,17,017,Cass,Illinois,13642,+39.979866,-090.319209
1289,17073,4,17,073,Henry,Illinois,50486,+41.348782,-090.134757
776,17095,4,17,095,Knox,Illinois,52919,+40.937032,-090.328601
642,17151,4,17,151,Pope,Illinois,4470,+37.398930,-088.549910
526,17185,4,17,185,Wabash,Illinois,11947,+38.431283,-087.789625
741,19003,4,19,003,Adams,Iowa,4029,+41.006693,-094.709635
745,19005,4,19,005,Allamakee,Iowa,14330,+43.257050,-091.417115
869,19013,4,19,013,Black Hawk,Iowa,131090,+42.490851,-092.370013
867,19017,4,19,017,Bremer,Iowa,24276,+42.743058,-092.376967
870,19019,4,19,019,Buchanan,Iowa,20958,+42.486957,-091.901041
345,19033,4,19,033,Cerro Gordo,Iowa,44151,+43.135116,-093.246222
1236,19043,4,19,043,Clayton,Iowa,18129,+42.860097,-091.322919
1234,19045,4,19,045,Clinton,Iowa,49116,+41.852707,-090.335737
1232,19049,4,19,049,Dallas,Iowa,66135,+41.645223,-093.923368
1371,19053,4,19,053,Decatur,Iowa,8457,+40.710010,-093.821366
992,19063,4,19,063,Emmet,Iowa,10302,+43.394425,-094.754990
994,19067,4,19,067,Floyd,Iowa,16303,+43.074625,-092.752330
995,19069,4,19,069,Franklin,Iowa,10680,+42.755202,-093.240318
1110,19079,4,19,079,Hamilton,Iowa,15673,+42.407552,-093.766985
1489,19081,4,19,081,Hancock,Iowa,11341,+43.092013,-093.705072
290,19095,4,19,095,Iowa,Iowa,16355,+41.702615,-092.039923
1616,19097,4,19,097,Jackson,Iowa,19848,+42.139283,-090.566782
596,19103,4,19,103,Johnson,Iowa,130882,+41.679755,-091.558310
602,19105,4,19,105,Jones,Iowa,20638,+42.136467,-091.198513
600,19107,4,19,107,Keokuk,Iowa,10511,+41.325439,-092.174990
728,19131,4,19,131,Mitchell,Iowa,10776,+43.336257,-092.803247
722,19139,4,19,139,Muscatine,Iowa,42745,+41.464065,-091.078997
112,19143,4,19,143,Osceola,Iowa,6462,+43.386380,-095.680373
13,19153,4,19,153,Polk,Iowa,430640,+41.623296,-093.641654
368,19161,4,19,161,Sac,Iowa,10350,+42.375805,-095.088801
369,19163,4,19,163,Scott,Iowa,165224,+41.563153,-090.567812
366,19167,4,19,167,Sioux,Iowa,33704,+43.079825,-096.167270
246,19175,4,19,175,Union,Iowa,12534,+41.053083,-094.318925
1362,19187,4,19,187,Webster,Iowa,38013,+42.480374,-094.179066
1357,19189,4,19,189,Winnebago,Iowa,10866,+43.342880,-093.667031
1213,19191,4,19,191,Winneshiek,Iowa,21056,+43.281284,-091.814375
1217,19195,4,19,195,Worth,Iowa,7598,+43.366540,-093.252258
1046,20011,4,20,011,Bourbon,Kansas,15173,+37.845557,-094.749443
1047,20013,4,20,013,Brown,Kansas,9984,+39.801273,-095.550384
801,20033,4,20,033,Comanche,Kansas,1891,+37.236270,-099.365215
322,20071,4,20,071,Greeley,Kansas,1247,+38.487089,-101.763211
780,20107,4,20,107,Linn,Kansas,9656,+38.237359,-094.801632
1144,20153,4,20,153,Rawlins,Kansas,2519,+39.807807,-101.053756
1147,20157,4,20,157,Republic,Kansas,4980,+39.818188,-097.659183
1450,20193,4,20,193,Thomas,Kansas,7900,+39.384430,-101.046190
1451,20199,4,20,199,Wallace,Kansas,1485,+38.888589,-101.765288
1011,21055,4,21,055,Crittenden,Kentucky,9315,+37.332496,-088.095078
1548,26003,4,26,003,Alger,Michigan,9601,+46.388671,-086.700410
1044,26033,4,26,033,Chippewa,Michigan,38520,+46.367641,-084.395364
283,26041,4,26,041,Delta,Michigan,37069,+45.802381,-087.066378
411,26053,4,26,053,Gogebic,Michigan,16427,+46.435975,-089.978538
524,26061,4,26,061,Houghton,Michigan,36628,+47.127650,-088.541610
636,26071,4,26,071,Iron,Michigan,11817,+46.098021,-088.534279
761,26083,4,26,083,Keweenaw,Michigan,2156,+47.333639,-088.302470
885,26097,4,26,097,Mackinac,Michigan,11113,+45.997905,-084.879992
1406,26103,4,26,103,Marquette,Michigan,67077,+46.486961,-087.494598
1502,26109,4,26,109,Menominee,Michigan,24029,+45.341048,-087.582124
1027,26131,4,26,131,Ontonagon,Michigan,6780,+46.720246,-089.285100
488,27005,4,27,005,Becker,Minnesota,32504,+46.849159,-095.776251
946,27029,4,27,029,Clearwater,Minnesota,8695,+47.561894,-095.388249
604,27031,4,27,031,Cook,Minnesota,5176,+47.783499,-090.337909
969,27047,4,27,047,Freeborn,Minnesota,31255,+43.662563,-093.361794
842,27057,4,27,057,Hubbard,Minnesota,20428,+47.057887,-094.934153
1083,27077,4,27,077,Lake of the Woods,Minnesota,4045,+48.765863,-094.745194
1246,27081,4,27,081,Lincoln,Minnesota,5896,+44.375241,-096.253532
578,27087,4,27,087,Mahnomen,Minnesota,5413,+47.296073,-095.840755
732,27111,4,27,111,Otter Tail,Minnesota,57303,+46.405065,-095.793598
389,27121,4,27,121,Pope,Minnesota,10995,+45.629871,-095.437130
502,27133,4,27,133,Rock,Minnesota,9687,+43.648101,-096.238816
1636,27169,4,27,169,Winona,Minnesota,51461,+44.023706,-091.714435
1077,28055,4,28,055,Issaquena,Mississippi,1406,+32.867279,-091.006351
1702,29005,4,29,005,Atchison,Missouri,5685,+40.421105,-095.437688
959,29061,4,29,061,Daviess,Missouri,8433,+39.942683,-093.983258
830,29079,4,29,079,Grundy,Missouri,10261,+40.091968,-093.595469
923,29081,4,29,081,Harrison,Missouri,8957,+40.313851,-094.000823
342,29121,4,29,121,Macon,Missouri,15566,+39.798522,-092.510330
1178,29199,4,29,199,Scotland,Missouri,4843,+40.448001,-092.146652
571,30019,4,30,019,Daniels,Montana,1751,+48.783416,-105.430320
948,30025,4,30,025,Fallon,Montana,2890,+46.358863,-104.309448
949,30027,4,30,027,Fergus,Montana,11586,+47.097548,-109.417095
820,30031,4,30,031,Gallatin,Montana,89513,+45.682805,-111.128283
1071,30051,4,30,051,Liberty,Montana,2339,+48.563509,-111.000283
1354,30079,4,30,079,Prairie,Montana,1179,+46.807847,-105.269953
1646,30083,4,30,083,Richland,Montana,9746,+47.718572,-104.203904
1722,30085,4,30,085,Roosevelt,Montana,10425,+48.132541,-105.247660
1605,30091,4,30,091,Sheridan,Montana,3384,+48.737464,-104.499376
462,31001,4,31,001,Adams,Nebraska,31364,+40.583763,-098.414536
570,31015,4,31,015,Boyd,Nebraska,2099,+42.891084,-098.730816
700,31025,4,31,025,Cass,Nebraska,25241,+40.946526,-096.062535
699,31027,4,31,027,Cedar,Nebraska,8852,+42.576273,-097.254860
857,31031,4,31,031,Cherry,Nebraska,5713,+42.784561,-100.754886
859,31033,4,31,033,Cheyenne,Nebraska,9998,+41.166245,-102.982623
854,31035,4,31,035,Clay,Nebraska,6542,+40.545465,-098.029666
861,31039,4,31,039,Cuming,Nebraska,9139,+41.897578,-096.759175
980,31041,4,31,041,Custer,Nebraska,10939,+41.401093,-099.672832
1090,31053,4,31,053,Dodge,Nebraska,36691,+41.473485,-096.530630
1209,31061,4,31,061,Franklin,Nebraska,3225,+40.187621,-098.946914
1208,31063,4,31,063,Frontier,Nebraska,2756,+40.607972,-100.404194
1352,31073,4,31,073,Gosper,Nebraska,2044,+40.592124,-099.830993
1227,31089,4,31,089,Holt,Nebraska,10435,+42.458400,-098.742988
1364,31097,4,31,097,Johnson,Nebraska,5217,+40.401369,-096.228933
360,31103,4,31,103,Keya Paha,Nebraska,824,+42.868344,-099.703607
361,31109,4,31,109,Lancaster,Nebraska,285407,+40.801058,-096.673551
1716,31131,4,31,131,Otoe,Nebraska,15740,+40.669495,-096.029874
1712,31139,4,31,139,Pierce,Nebraska,7266,+42.262663,-097.591986
828,31141,4,31,141,Platte,Nebraska,32237,+41.469013,-097.387409
833,31147,4,31,147,Richardson,Nebraska,8363,+40.099947,-095.673464
826,31149,4,31,149,Rock,Nebraska,1526,+42.536442,-099.495235
711,31151,4,31,151,Saline,Nebraska,14200,+40.578252,-097.020010
584,31167,4,31,167,Stanton,Nebraska,6129,+41.985653,-097.251636
587,31169,4,31,169,Thayer,Nebraska,5228,+40.179229,-097.625350
471,31171,4,31,171,Thomas,Nebraska,647,+41.966823,-100.546734
475,31179,4,31,179,Wayne,Nebraska,9595,+42.221930,-097.063062
1089,31183,4,31,183,Wheeler,Nebraska,818,+41.880574,-098.543873
1645,32029,4,32,029,Storey,Nevada,4010,+39.389364,-119.624138
855,35003,4,35,003,Catron,New Mexico,3725,+33.928093,-108.549207
983,35011,4,35,011,De Baca,New Mexico,2022,+34.465462,-104.257875
1567,36041,4,36,041,Hamilton,New York,4836,+43.612034,-074.385121
817,38003,4,38,003,Barnes,North Dakota,11066,+46.927520,-098.033032
690,38013,4,38,013,Burke,North Dakota,1968,+48.771943,-102.521915
687,38015,4,38,015,Burleigh,North Dakota,81308,+46.822761,-100.761508
685,38019,4,38,019,Cavalier,North Dakota,3993,+48.755612,-098.414990
1059,38021,4,38,021,Dickey,North Dakota,5289,+46.087766,-098.328185
941,38039,4,38,039,Griggs,North Dakota,2420,+47.451199,-098.187810
1172,38051,4,38,051,McIntosh,North Dakota,2809,+46.144162,-099.492295
956,38103,4,38,103,Wells,North Dakota,4207,+47.676761,-099.781286
1180,40003,4,40,003,Alfalfa,Oklahoma,5642,+36.660625,-098.318501
433,40151,4,40,151,Woods,Oklahoma,8878,+36.764048,-098.719763
1696,41021,4,41,021,Gilliam,Oregon,1871,+45.438181,-120.194384
1578,41037,4,41,037,Lake,Oregon,7895,+42.490564,-120.479309
138,42023,4,42,023,Cameron,Pennsylvania,5085,+41.502183,-078.236901
137,46015,4,46,015,Brule,South Dakota,5255,+43.762079,-099.188651
1238,46033,4,46,033,Custer,South Dakota,8216,+43.739996,-103.518429
1648,46039,4,46,039,Deuel,South Dakota,4364,+44.736642,-096.658745
512,46047,4,46,047,Fall River,South Dakota,7094,+43.388192,-103.514809
272,46063,4,46,063,Harding,South Dakota,1255,+45.612413,-103.525357
401,46073,4,46,073,Jerauld,South Dakota,2071,+44.087702,-098.562253
405,46079,4,46,079,Lake,South Dakota,11200,+44.002691,-097.100120
881,46091,4,46,091,Marshall,South Dakota,4656,+45.766216,-097.619971
165,46097,4,46,097,Miner,South Dakota,2389,+44.015890,-097.555355
115,46129,4,46,129,Walworth,South Dakota,5438,+45.520019,-100.313424
538,48101,4,48,101,Cottle,Texas,1505,+34.019044,-100.300376
542,48109,4,48,109,Culberson,Texas,2398,+31.071834,-104.821069
430,48115,4,48,115,Dawson,Texas,13833,+32.734650,-101.949316
188,48137,4,48,137,Edwards,Texas,2002,+29.977801,-100.199570
1435,48195,4,48,195,Hansford,Texas,5613,+36.213931,-101.273482
664,48267,4,48,267,Kimble,Texas,4607,+30.490095,-099.732497
784,48275,4,48,275,Knox,Texas,3719,+33.464244,-099.705702
182,48311,4,48,311,McMullen,Texas,707,+28.449157,-098.510050
537,48327,4,48,327,Menard,Texas,2242,+30.899442,-099.772013
1037,48385,4,48,385,Real,Texas,3309,+29.719686,-099.841559
862,48443,4,48,443,Terrell,Texas,984,+30.159691,-102.356398
485,55013,4,55,013,Burnett,Wisconsin,15457,+45.833418,-092.413067
241,55037,4,55,037,Florence,Wisconsin,4423,+45.852429,-088.237785
603,55069,4,55,069,Lincoln,Wisconsin,28743,+45.285493,-089.686664
227,55103,4,55,103,Richland,Wisconsin,18021,+43.350327,-090.390550
94,55111,4,55,111,Sauk,Wisconsin,61976,+43.446515,-089.869597
467,55121,4,55,121,Trempealeau,Wisconsin,28816,+44.292059,-091.360514
468,55123,4,55,123,Vernon,Wisconsin,29773,+43.605782,-090.836755
1391,56003,4,56,003,Big Horn,Wyoming,11668,+44.629497,-108.244578
1638,56029,4,56,029,Park,Wyoming,28205,+44.615174,-108.973460
57,01023,3,01,023,Choctaw,Alabama,13859,+32.016562,-088.264164
254,02013,3,02,013,Aleutians East,Alaska,3141,+54.860151,-162.901536
253,02016,3,02,016,Aleutians West,Alaska,5561,+54.023571,-168.292885
1012,02220,3,02,220,Sitka,Alaska,8881,+57.062746,-135.337171
1549,05063,3,05,063,Independence,Arkansas,36647,+35.749801,-091.607539
147,05105,3,05,105,Perry,Arkansas,10445,+34.999054,-092.779271
300,05111,3,05,111,Poinsett,Arkansas,24583,+35.601910,-090.557998
44,05135,3,05,135,Sharp,Arkansas,17264,+36.178493,-091.520168
1508,06043,3,06,043,Mariposa,California,18251,+37.542748,-119.957219
1314,08015,3,08,015,Chaffee,Colorado,17809,+38.676497,-106.082645
81,08053,3,08,053,Hinsdale,Colorado,843,+37.996875,-107.296530
209,08061,3,08,061,Kiowa,Colorado,1398,+38.470657,-102.680579
208,08063,3,08,063,Kit Carson,Colorado,8270,+39.309763,-102.435733
206,08065,3,08,065,Lake,Colorado,7310,+39.245870,-106.308061
326,08075,3,08,075,Logan,Colorado,22709,+40.639399,-103.187715
509,12055,3,12,055,Highlands,Florida,98786,+27.460415,-081.442555
544,13259,3,13,259,Stewart,Georgia,6058,+32.069335,-084.764519
770,13307,3,13,307,Webster,Georgia,2799,+32.049343,-084.560657
256,16013,3,16,013,Blaine,Idaho,21376,+43.541366,-114.294277
260,16017,3,16,017,Bonner,Idaho,40877,+48.235649,-116.630982
340,16023,3,16,023,Butte,Idaho,2891,+43.699097,-113.294562
501,16037,3,16,037,Custer,Idaho,4368,+44.285168,-114.048035
1006,16043,3,16,043,Fremont,Idaho,13242,+44.014844,-111.615464
1615,16047,3,16,047,Gooding,Idaho,15464,+42.852717,-114.751067
121,16065,3,16,065,Madison,Idaho,37536,+43.819114,-111.794073
1,16073,3,16,073,Owyhee,Idaho,11526,+43.376748,-116.681558
1413,17001,3,17,001,Adams,Illinois,67103,+39.943826,-091.328948
41,17033,3,17,033,Crawford,Illinois,19817,+39.005690,-087.748024
1033,17057,3,17,057,Fulton,Illinois,37069,+40.521963,-090.119357
650,17085,3,17,085,Jo Daviess,Illinois,22678,+42.411324,-090.305944
1258,17101,3,17,101,Lawrence,Illinois,16833,+38.718291,-087.748328
763,17149,3,17,149,Pike,Illinois,16430,+39.621311,-090.859127
645,17159,3,17,159,Richland,Illinois,16233,+38.725943,-088.088315
529,17161,3,17,161,Rock Island,Illinois,147546,+41.489142,-090.504005
421,17171,3,17,171,Scott,Illinois,5355,+39.645737,-090.462754
1186,18007,3,18,007,Benton,Indiana,8854,+40.575066,-087.291433
738,19009,3,19,009,Audubon,Iowa,6119,+41.676829,-094.925302
46,19011,3,19,011,Benton,Iowa,26076,+42.062220,-092.017478
866,19015,3,19,015,Boone,Iowa,26306,+42.026494,-093.895155
1349,19023,3,19,023,Butler,Iowa,14867,+42.707538,-092.758692
346,19031,3,19,031,Cedar,Iowa,18499,+41.757883,-091.137388
1233,19047,3,19,047,Crawford,Iowa,17096,+42.027366,-095.358454
1372,19055,3,19,055,Delaware,Iowa,17764,+42.482434,-091.383342
991,19061,3,19,061,Dubuque,Iowa,93653,+42.493726,-090.759915
993,19065,3,19,065,Fayette,Iowa,20880,+42.820385,-091.855375
1106,19071,3,19,071,Fremont,Iowa,7441,+40.747942,-095.623322
1491,19085,3,19,085,Harrison,Iowa,14928,+41.662391,-095.807433
480,19113,3,19,113,Linn,Iowa,211226,+42.009607,-091.647251
724,19137,3,19,137,Montgomery,Iowa,10740,+41.008619,-095.167995
110,19145,3,19,145,Page,Iowa,15932,+40.747616,-095.188476
1182,19183,3,19,183,Washington,Iowa,21704,+41.361978,-091.695465
1363,19185,3,19,185,Wayne,Iowa,6403,+40.740054,-093.312926
1219,19197,3,19,197,Wright,Iowa,13229,+42.732195,-093.755488
920,20003,3,20,003,Anderson,Kansas,8102,+38.250112,-095.264386
1049,20017,3,20,017,Chase,Kansas,2790,+38.358336,-096.559378
1050,20019,3,20,019,Chautauqua,Kansas,3669,+37.111002,-096.231466
675,20025,3,20,025,Clark,Kansas,2215,+37.290453,-099.873033
672,20029,3,20,029,Cloud,Kansas,9533,+39.533950,-097.637247
802,20031,3,20,031,Coffey,Kansas,8601,+38.247657,-095.739982
800,20039,3,20,039,Decatur,Kansas,2961,+39.804329,-100.490859
446,20047,3,20,047,Edwards,Kansas,3037,+37.914412,-099.354911
448,20049,3,20,049,Elk,Kansas,2882,+37.421638,-096.236702
202,20063,3,20,063,Gove,Kansas,2695,+39.047631,-100.374241
321,20073,3,20,073,Greenwood,Kansas,6689,+37.857530,-096.226569
170,20083,3,20,083,Hodgeman,Kansas,1916,+38.083504,-099.867564
168,20085,3,20,085,Jackson,Kansas,13462,+39.400924,-095.751346
293,20093,3,20,093,Kearny,Kansas,3977,+37.954211,-101.237967
781,20105,3,20,105,Lincoln,Kansas,3241,+39.036065,-098.175271
660,20111,3,20,111,Lyon,Kansas,33690,+38.416154,-096.179779
1031,20123,3,20,123,Mitchell,Kansas,6373,+39.454968,-098.174198
350,20133,3,20,133,Neosho,Kansas,16512,+37.624963,-095.394820
1576,20181,3,20,181,Sherman,Kansas,6010,+39.349294,-101.726283
1574,20185,3,20,185,Stafford,Kansas,4437,+38.006860,-098.736685
1577,20189,3,20,189,Stevens,Kansas,5724,+37.190103,-101.322335
1448,20195,3,20,195,Trego,Kansas,3001,+39.004452,-099.881979
1190,20201,3,20,201,Washington,Kansas,5799,+39.782029,-097.054087
1191,20203,3,20,203,Wichita,Kansas,2234,+38.494297,-101.349386
1188,20205,3,20,205,Wilson,Kansas,9409,+37.512574,-095.741217
1189,20207,3,20,207,Woodson,Kansas,3309,+37.873300,-095.739522
1252,21039,3,21,039,Carlisle,Kentucky,5104,+36.854337,-088.947880
1009,21051,3,21,051,Clay,Kentucky,21730,+37.169598,-083.746759
1271,21147,3,21,147,McCreary,Kentucky,18306,+36.715761,-084.446083
1396,21157,3,21,157,Marshall,Kentucky,31448,+36.898302,-088.339329
896,21191,3,21,191,Pendleton,Kentucky,14877,+38.715798,-084.359742
894,21199,3,21,199,Pulaski,Kentucky,63063,+37.092819,-084.614645
1131,21225,3,21,225,Union,Kentucky,15007,+37.653315,-087.926958
1015,21233,3,21,233,Webster,Kentucky,13621,+37.499711,-087.687044
250,22021,3,22,021,Caldwell,Louisiana,10132,+32.078215,-092.103757
1544,26007,3,26,007,Alpena,Michigan,29598,+45.050953,-083.504463
1243,26013,3,26,013,Baraga,Michigan,8860,+46.765021,-088.454260
374,27013,3,27,013,Blue Earth,Minnesota,64013,+44.129816,-093.998839
370,27015,3,27,015,Brown,Minnesota,25893,+44.284244,-094.599226
367,27019,3,27,019,Carver,Minnesota,91042,+44.838040,-093.679956
714,27021,3,27,021,Cass,Minnesota,28567,+46.814565,-094.415763
225,27039,3,27,039,Dodge,Minnesota,20087,+44.029980,-092.808798
968,27041,3,27,041,Douglas,Minnesota,36009,+45.909027,-095.391990
839,27051,3,27,051,Grant,Minnesota,6018,+45.943212,-095.936611
1199,27061,3,27,061,Itasca,Minnesota,45058,+47.315978,-093.520532
1201,27065,3,27,065,Kanabec,Minnesota,16239,+45.886315,-093.299412
1088,27071,3,27,071,Koochiching,Minnesota,13311,+48.509405,-093.485728
1244,27085,3,27,085,McLeod,Minnesota,36651,+44.859713,-094.264668
1123,27093,3,27,093,Meeker,Minnesota,23300,+45.136368,-094.482983
1124,27099,3,27,099,Mower,Minnesota,39163,+43.665099,-092.898185
615,27109,3,27,109,Olmsted,Minnesota,144248,+44.023967,-092.473176
734,27115,3,27,115,Pine,Minnesota,29750,+46.033410,-092.892705
392,27125,3,27,125,Red Lake,Minnesota,4089,+47.876104,-096.135646
120,27143,3,27,143,Sibley,Minnesota,15226,+44.582707,-094.168405
263,27157,3,27,157,Wabasha,Minnesota,21676,+44.297858,-092.221086
259,27159,3,27,159,Wadena,Minnesota,13843,+46.524393,-095.041370
1634,27161,3,27,161,Waseca,Minnesota,19136,+44.061000,-093.549998
1588,29013,3,29,013,Bates,Missouri,17049,+38.276163,-094.362322
1587,29015,3,29,015,Benton,Missouri,19056,+38.302689,-093.308948
1196,29041,3,29,041,Chariton,Missouri,7831,+39.486626,-092.934967
1195,29045,3,29,045,Clark,Missouri,7139,+40.413068,-091.704732
924,29083,3,29,083,Henry,Missouri,22272,+38.394758,-093.736873
92,29103,3,29,103,Knox,Missouri,4131,+40.151668,-092.150669
93,29105,3,29,105,Laclede,Missouri,35571,+37.669645,-092.654560
222,29111,3,29,111,Lewis,Missouri,10211,+40.085505,-091.649082
344,29129,3,29,129,Mercer,Missouri,3785,+40.418591,-093.575859
1347,29147,3,29,147,Nodaway,Missouri,23370,+40.352749,-094.867916
1724,29173,3,29,173,Ralls,Missouri,10167,+39.579580,-091.468633
1425,29205,3,29,205,Shelby,Missouri,6373,+39.761774,-092.077052
695,30001,3,30,001,Beaverhead,Montana,9246,+45.221056,-112.696186
694,30003,3,30,003,Big Horn,Montana,12865,+45.565831,-107.502778
567,30013,3,30,013,Cascade,Montana,81327,+47.491839,-111.306258
565,30017,3,30,017,Custer,Montana,11699,+46.403369,-105.817008
951,30023,3,30,023,Deer Lodge,Montana,9298,+46.137755,-112.954087
947,30029,3,30,029,Flathead,Montana,90928,+48.247204,-114.279524
1185,30047,3,30,047,Lake,Montana,28746,+47.601938,-114.120003
1073,30055,3,30,055,McCone,Montana,1734,+47.561984,-105.644548
1074,30057,3,30,057,Madison,Montana,7691,+45.435990,-111.949217
1474,30063,3,30,063,Missoula,Montana,109299,+46.875472,-114.019007
1478,30067,3,30,067,Park,Montana,15636,+45.597090,-110.599015
1350,30071,3,30,071,Phillips,Montana,4253,+48.374315,-107.857685
1348,30073,3,30,073,Pondera,Montana,6153,+48.210126,-112.144580
1606,30093,3,30,093,Silver Bow,Montana,34200,+45.987960,-112.524356
491,30097,3,30,097,Sweet Grass,Montana,3651,+45.830248,-109.915919
1328,30101,3,30,101,Toole,Montana,5324,+48.585262,-111.853380
463,31003,3,31,003,Antelope,Nebraska,6685,+42.149596,-098.056830
457,31009,3,31,009,Blaine,Nebraska,478,+41.901108,-100.007203
569,31017,3,31,017,Brown,Nebraska,3145,+42.538836,-099.852141
698,31021,3,31,021,Burt,Nebraska,6858,+41.845797,-096.342540
692,31029,3,31,029,Chase,Nebraska,3966,+40.500254,-101.619767
984,31045,3,31,045,Dawes,Nebraska,9182,+42.785306,-103.066266
1091,31051,3,31,051,Dixon,Nebraska,6000,+42.438517,-096.830002
1095,31059,3,31,059,Fillmore,Nebraska,5890,+40.540682,-097.578024
1205,31067,3,31,067,Gage,Nebraska,22311,+40.274482,-096.714139
1204,31069,3,31,069,Garden,Nebraska,2057,+41.422768,-102.320765
1353,31075,3,31,075,Grant,Nebraska,614,+41.984368,-101.731402
1221,31085,3,31,085,Hayes,Nebraska,967,+40.495630,-101.058515
359,31101,3,31,101,Keith,Nebraska,8368,+41.141877,-101.696492
211,31113,3,31,113,Logan,Nebraska,763,+41.484178,-100.500737
87,31127,3,31,127,Nemaha,Nebraska,7248,+40.403957,-095.836309
86,31129,3,31,129,Nuckolls,Nebraska,4500,+40.115021,-098.061108
1717,31133,3,31,133,Pawnee,Nebraska,2773,+40.134921,-096.184059
1714,31135,3,31,135,Perkins,Nebraska,2970,+40.847278,-101.672531
1715,31137,3,31,137,Phelps,Nebraska,9188,+40.468151,-099.406756
829,31143,3,31,143,Polk,Nebraska,5406,+41.174759,-097.555813
708,31157,3,31,157,Scotts Bluff,Nebraska,36970,+41.865018,-103.680380
586,31165,3,31,165,Sioux,Nebraska,1311,+42.379652,-103.825082
1087,31181,3,31,181,Webster,Nebraska,3812,+40.200266,-098.485192
1084,31185,3,31,185,York,Nebraska,13665,+40.864374,-097.605431
136,32001,3,32,001,Churchill,Nevada,24877,+39.473584,-118.795661
27,32011,3,32,011,Eureka,Nevada,1987,+39.866898,-116.147686
461,35055,3,35,055,Taos,New Mexico,32937,+36.433447,-105.609376
458,35059,3,35,059,Union,New Mexico,4549,+36.455575,-103.262118
1063,38029,3,38,029,Emmons,North Dakota,3550,+46.265684,-100.210914
1173,38053,3,38,053,McKenzie,North Dakota,6360,+47.815541,-103.228066
1176,38057,3,38,057,Mercer,North Dakota,8424,+47.297717,-101.710274
1573,38067,3,38,067,Pembina,North Dakota,7413,+48.789947,-097.582307
1568,38069,3,38,069,Pierce,North Dakota,4357,+48.328166,-099.988011
1598,38085,3,38,085,Sioux,North Dakota,4153,+46.161951,-100.726350
957,38101,3,38,101,Ward,North Dakota,61675,+48.256527,-101.329338
788,41055,3,41,055,Sherman,Oregon,1765,+45.522409,-120.726192
1162,41063,3,41,063,Wallowa,Oregon,7008,+45.443081,-117.310593
139,46017,3,46,017,Buffalo,South Dakota,1912,+44.059260,-099.375243
1529,46021,3,46,021,Campbell,South Dakota,1466,+45.802878,-100.101667
625,46051,3,46,051,Grant,South Dakota,7356,+45.205831,-096.652826
626,46053,3,46,053,Gregory,South Dakota,4271,+43.182985,-099.278797
1629,46105,3,46,105,Perkins,South Dakota,2982,+45.711883,-102.322856
116,46121,3,46,121,Todd,South Dakota,9612,+43.248143,-100.783743
100,47035,3,47,035,Cumberland,Tennessee,56053,+35.954565,-085.020109
966,47049,3,47,049,Fentress,Tennessee,17959,+36.365518,-084.936630
718,47067,3,47,067,Hancock,Tennessee,6819,+36.517795,-083.231350
1340,47097,3,47,097,Lauderdale,Tennessee,27815,+35.762745,-089.541740
548,48075,3,48,075,Childress,Texas,7041,+34.428815,-100.225433
549,48077,3,48,077,Clay,Texas,10752,+33.828051,-098.245004
1699,48087,3,48,087,Collingsworth,Texas,3057,+34.863545,-100.216872
76,48095,3,48,095,Concho,Texas,4087,+31.280122,-099.859636
187,48133,3,48,133,Eastland,Texas,18583,+32.356034,-098.840622
215,48211,3,48,211,Hemphill,Texas,3807,+35.893959,-100.364036
662,48261,3,48,261,Kenedy,Texas,416,+27.065647,-097.773573
1301,48295,3,48,295,Lipscomb,Texas,3302,+36.387589,-100.354171
301,48305,3,48,305,Lynn,Texas,5915,+33.181411,-101.807743
184,48319,3,48,319,Mason,Texas,4012,+30.753290,-099.216248
1536,48341,3,48,341,Moore,Texas,21904,+35.904748,-101.956199
1409,48357,3,48,357,Ochiltree,Texas,10223,+36.381028,-100.810965
1407,48359,3,48,359,Oldham,Texas,2052,+35.324274,-102.390158
1247,48371,3,48,371,Pecos,Texas,15507,+30.898458,-102.790862
68,48417,3,48,417,Shackelford,Texas,3378,+32.688185,-099.308669
1277,49017,3,49,017,Garfield,Utah,5172,+37.761850,-112.088923
1652,49025,3,49,025,Kane,Utah,7125,+37.114838,-112.425977
1397,49027,3,49,027,Millard,Utah,12503,+39.214604,-112.494882
755,49055,3,49,055,Wayne,Utah,2778,+38.361636,-111.467245
143,51105,3,51,105,Lee,Virginia,25587,+36.715746,-083.103165
111,55021,3,55,021,Columbia,Wisconsin,56833,+43.461490,-089.367399
105,55029,3,55,029,Door,Wisconsin,27785,+44.904102,-087.345365
850,55043,3,55,043,Grant,Wisconsin,51208,+42.825290,-090.616057
977,55053,3,55,053,Jackson,Wisconsin,20449,+44.320474,-090.901558
979,55057,3,55,057,Juneau,Wisconsin,26664,+43.842134,-090.100354
597,55063,3,55,063,La Crosse,Wisconsin,114638,+43.858367,-091.208437
601,55067,3,55,067,Langlade,Wisconsin,19977,+45.184440,-089.105771
719,55073,3,55,073,Marathon,Wisconsin,134063,+44.908503,-089.710946
723,55075,3,55,075,Marinette,Wisconsin,41749,+45.221014,-087.846106
721,55077,3,55,077,Marquette,Wisconsin,15404,+43.813741,-089.411070
1099,55081,3,55,081,Monroe,Wisconsin,44673,+43.942291,-090.640636
98,55119,3,55,119,Taylor,Wisconsin,20689,+45.173257,-090.412651
469,55125,3,55,125,Vilas,Wisconsin,21430,+45.984593,-089.499417
1259,56017,3,56,017,Hot Springs,Wyoming,4812,+43.661835,-108.230408
697,56019,3,56,019,Johnson,Wyoming,8569,+44.290845,-106.693517
131,56043,3,56,043,Washakie,Wyoming,8533,+44.012142,-107.911552
1562,01003,2,01,003,Baldwin,Alabama,182265,+30.548923,-087.762381
1694,01109,2,01,109,Pike,Alabama,32899,+31.787277,-085.948647
496,02070,2,02,070,Dillingham,Alaska,4847,+59.136256,-158.718472
102,02130,2,02,130,Ketchikan Gateway,Alaska,13477,+55.367858,-131.678527
1497,02164,2,02,164,Lake and Peninsula,Alaska,1631,+58.557351,-156.371652
1379,02170,2,02,170,Matanuska-Susitna,Alaska,88995,+61.611281,-149.421961
837,02198,2,02,198,Prince of Wales-Hyder,Alaska,5559,+55.448164,-132.560842
1312,04021,2,04,021,Pinal,Arizona,375770,+33.060133,-111.588364
54,05009,2,05,009,Boone,Arkansas,36903,+36.267871,-093.099344
1665,05015,2,05,015,Carroll,Arkansas,27446,+36.373069,-093.570816
160,05035,2,05,035,Crittenden,Arkansas,50902,+35.177360,-090.217261
158,05037,2,05,037,Cross,Arkansas,17870,+35.252833,-090.775307
1263,05049,2,05,049,Fulton,Arkansas,12245,+36.376787,-091.764934
1133,05055,2,05,055,Greene,Arkansas,42090,+36.073120,-090.523016
1543,05065,2,05,065,Izard,Arkansas,13696,+36.120217,-091.908429
1545,05067,2,05,067,Jackson,Arkansas,17997,+35.621102,-091.246233
1394,05075,2,05,075,Lawrence,Arkansas,17415,+36.070224,-091.065733
762,05089,2,05,089,Marion,Arkansas,16653,+36.284570,-092.663368
531,05093,2,05,093,Mississippi,Arkansas,46480,+35.842880,-089.999037
145,05103,2,05,103,Ouachita,Arkansas,26120,+33.574461,-092.838871
1659,05123,2,05,123,St. Francis,Arkansas,28258,+35.015313,-090.770297
45,05133,2,05,133,Sevier,Arkansas,17058,+34.014236,-094.304091
653,05141,2,05,141,Van Buren,Arkansas,17295,+35.567839,-092.421475
560,05149,2,05,149,Yell,Arkansas,22185,+35.120982,-093.289460
746,06109,2,06,109,Tuolumne,California,55365,+37.971531,-120.328530
1171,08003,2,08,003,Alamosa,Colorado,15445,+37.483069,-105.877245
1169,08007,2,08,007,Archuleta,Colorado,12084,+37.240087,-107.085027
1168,08009,2,08,009,Baca,Colorado,3788,+37.368221,-102.527089
1315,08011,2,08,011,Bent,Colorado,6499,+38.072386,-103.163100
1439,08021,2,08,021,Conejos,Colorado,8256,+37.195652,-105.989049
1438,08023,2,08,023,Costilla,Colorado,3524,+37.281779,-105.448477
1441,08025,2,08,025,Crowley,Colorado,5823,+38.188547,-103.857439
205,08067,2,08,067,La Plata,Colorado,51334,+37.265198,-107.806184
327,08077,2,08,077,Mesa,Colorado,146723,+39.092851,-108.543768
324,08079,2,08,079,Mineral,Colorado,712,+37.798623,-106.935586
219,08089,2,08,089,Otero,Colorado,18831,+38.024096,-103.657432
1282,08101,2,08,101,Pueblo,Colorado,159063,+38.263685,-104.645147
1067,08103,2,08,103,Rio Blanco,Colorado,6666,+40.051033,-108.280174
1064,08105,2,08,105,Rio Grande,Colorado,11982,+37.616658,-106.238805
1065,08107,2,08,107,Routt,Colorado,23509,+40.453133,-106.899535
1068,08109,2,08,109,Saguache,Colorado,6108,+37.915302,-106.019489
33,12017,2,12,017,Citrus,Florida,141236,+28.863598,-082.453512
276,12037,2,12,037,Franklin,Florida,11549,+29.786787,-084.822838
876,12067,2,12,067,Lafayette,Florida,8870,+30.065418,-083.179508
874,12069,2,12,069,Lake,Florida,297052,+28.735689,-081.752026
897,12087,2,12,087,Monroe,Florida,73090,+24.739678,-081.263945
408,12113,2,12,113,Santa Rosa,Florida,151372,+30.549593,-087.036954
1695,13049,2,13,049,Charlton,Georgia,12171,+30.780002,-082.023033
77,13053,2,13,053,Chattahoochee,Georgia,11267,+32.344231,-084.899254
1306,13165,2,13,165,Jenkins,Georgia,8340,+32.794618,-081.950133
545,13257,2,13,257,Stephens,Georgia,26175,+34.556904,-083.288681
190,13265,2,13,265,Taliaferro,Georgia,1717,+33.568800,-082.885760
151,13281,2,13,281,Towns,Georgia,10471,+34.938692,-083.782961
768,13309,2,13,309,Wheeler,Georgia,7421,+32.146558,-082.751307
575,15001,2,15,001,Hawaii,Hawaii,185079,+19.672837,-155.421895
576,15009,2,15,009,Maui,Hawaii,154834,+20.863747,-156.493816
386,16003,2,16,003,Adams,Idaho,3976,+44.848619,-116.375947
388,16005,2,16,005,Bannock,Idaho,82839,+42.869212,-112.423672
391,16009,2,16,009,Benewah,Idaho,9285,+47.271692,-116.639736
255,16011,2,16,011,Bingham,Idaho,45607,+43.217372,-112.355721
258,16015,2,16,015,Boise,Idaho,7028,+43.899702,-115.993695
261,16019,2,16,019,Bonneville,Idaho,104234,+43.494876,-111.997623
618,16021,2,16,021,Boundary,Idaho,10972,+48.705964,-116.302851
507,16031,2,16,031,Cassia,Idaho,22952,+42.482791,-113.741833
503,16035,2,16,035,Clearwater,Idaho,8761,+46.485240,-116.185221
500,16039,2,16,039,Elmore,Idaho,27038,+43.115320,-115.684407
998,16049,2,16,049,Idaho,Idaho,16267,+45.974127,-116.106566
1494,16051,2,16,051,Jefferson,Idaho,26140,+43.691123,-111.969394
1495,16053,2,16,053,Jerome,Idaho,22374,+42.698447,-114.462669
1492,16055,2,16,055,Kootenai,Idaho,138494,+47.737130,-116.832581
1490,16059,2,16,059,Lemhi,Idaho,7936,+45.127412,-113.861530
127,16063,2,16,063,Lincoln,Idaho,5208,+42.973467,-114.326069
123,16067,2,16,067,Minidoka,Idaho,20069,+42.613266,-113.712227
3,16077,2,16,077,Power,Idaho,7817,+42.775001,-112.829004
0,16079,2,16,079,Shoshone,Idaho,12765,+47.514637,-116.085925
1114,16083,2,16,083,Twin Falls,Idaho,77230,+42.558563,-114.504002
1117,16085,2,16,085,Valley,Idaho,9862,+44.758677,-116.073719
1116,16087,2,16,087,Washington,Idaho,10198,+44.297898,-116.919922
1414,17003,2,17,003,Alexander,Illinois,8238,+37.149251,-089.289666
1538,17011,2,17,011,Bureau,Illinois,34978,+41.382964,-089.423780
1537,17013,2,17,013,Calhoun,Illinois,5089,+39.123530,-090.638010
1540,17015,2,17,015,Carroll,Illinois,15387,+42.071879,-089.963255
1151,17061,2,17,061,Greene,Illinois,13886,+39.372240,-090.373465
651,17087,2,17,087,Johnson,Illinois,12582,+37.474558,-088.882358
1260,17103,2,17,103,Lee,Illinois,36031,+41.810242,-089.398207
1023,17121,2,17,121,Marion,Illinois,39437,+38.590710,-089.016967
893,17137,2,17,137,Morgan,Illinois,35547,+39.718155,-090.231161
640,17153,2,17,153,Pulaski,Illinois,6161,+37.199543,-089.134750
525,17189,2,17,189,Washington,Illinois,14716,+38.359407,-089.393930
412,17195,2,17,195,Whiteside,Illinois,58498,+41.780798,-089.823253
455,18083,2,18,083,Knox,Indiana,38440,+38.698623,-087.457680
1468,18111,2,18,111,Newton,Indiana,14244,+40.994087,-087.380385
1595,18121,2,18,121,Parke,Indiana,17339,+39.758327,-087.227997
217,18153,2,18,153,Sullivan,Indiana,21475,+39.103093,-087.390988
333,18169,2,18,169,Wabash,Indiana,32888,+40.858522,-085.802372
844,19129,2,19,129,Mills,Iowa,15059,+41.049670,-095.695267
9,19155,2,19,155,Pottawattamie,Iowa,93158,+41.278533,-095.795150
8,19159,2,19,159,Ringgold,Iowa,5131,+40.733763,-094.238520
921,20001,2,20,001,Allen,Kansas,13371,+37.896584,-095.367053
803,20037,2,20,037,Crawford,Kansas,39134,+37.439934,-094.731394
445,20041,2,20,041,Dickinson,Kansas,19754,+38.881314,-097.149128
554,20053,2,20,053,Ellsworth,Kansas,6497,+38.721016,-098.262851
201,20061,2,20,061,Geary,Kansas,34362,+39.038650,-096.839250
199,20067,2,20,067,Grant,Kansas,7829,+37.580306,-101.349730
320,20075,2,20,075,Hamilton,Kansas,2690,+37.979185,-101.767660
289,20099,2,20,099,Labette,Kansas,21607,+37.258236,-095.260544
657,20119,2,20,119,Meade,Kansas,4575,+37.292089,-100.394216
1030,20121,2,20,121,Miami,Kansas,32787,+38.590405,-094.836385
901,20139,2,20,139,Osage,Kansas,16295,+38.698945,-095.711621
1285,20147,2,20,147,Phillips,Kansas,5642,+39.757048,-099.349355
1143,20151,2,20,151,Pratt,Kansas,9656,+37.645065,-098.731177
1535,20165,2,20,165,Rush,Kansas,3307,+38.525797,-099.283593
1532,20169,2,20,169,Saline,Kansas,55606,+38.815777,-097.606733
1623,21001,2,21,001,Adair,Kentucky,18656,+37.107756,-085.279096
1384,21023,2,21,023,Bracken,Kentucky,8488,+38.702562,-084.070088
1385,21027,2,21,027,Breckinridge,Kentucky,20059,+37.770382,-086.410471
1249,21033,2,21,033,Caldwell,Kentucky,12984,+37.127446,-087.879220
1250,21035,2,21,035,Calloway,Kentucky,37191,+36.620185,-088.305814
1125,21045,2,21,045,Casey,Kentucky,15955,+37.303319,-084.924168
1008,21053,2,21,053,Clinton,Kentucky,10272,+36.713992,-085.135223
884,21063,2,21,063,Elliott,Kentucky,7852,+38.122128,-083.106515
447,21081,2,21,081,Grant,Kentucky,24662,+38.688104,-084.602069
633,21083,2,21,083,Graves,Kentucky,37121,+36.741213,-088.650362
634,21085,2,21,085,Grayson,Kentucky,25746,+37.469090,-086.306723
518,21095,2,21,095,Harlan,Kentucky,29278,+36.865625,-083.232825
22,21101,2,21,101,Henderson,Kentucky,46250,+37.818482,-087.564405
25,21107,2,21,107,Hopkins,Kentucky,46920,+37.305866,-087.523154
395,21131,2,21,131,Leslie,Kentucky,11310,+37.115255,-083.376350
397,21135,2,21,135,Lewis,Kentucky,13870,+38.562531,-083.347091
1523,21161,2,21,161,Mason,Kentucky,17490,+38.616398,-083.788535
1524,21165,2,21,165,Menifee,Kentucky,6306,+37.939449,-083.598399
895,21193,2,21,193,Perry,Kentucky,28712,+37.257625,-083.201060
891,21201,2,21,201,Robertson,Kentucky,2282,+38.520826,-084.048848
892,21207,2,21,207,Russell,Kentucky,17565,+37.029336,-085.059320
765,21217,2,21,217,Taylor,Kentucky,24512,+37.350402,-085.343425
1130,21221,2,21,221,Trigg,Kentucky,14339,+36.847047,-087.836202
1016,21231,2,21,231,Wayne,Kentucky,20813,+36.837888,-084.844614
1013,21237,2,21,237,Wolfe,Kentucky,7355,+37.740622,-083.510902
1507,22065,2,22,065,Madison,Louisiana,12093,+32.397648,-091.196834
702,23003,2,23,003,Aroostook,Maine,71870,+46.705048,-068.086628
1274,26113,2,26,113,Missaukee,Michigan,14849,+44.305822,-085.179438
1280,26119,2,26,119,Montmorency,Michigan,9765,+44.999428,-084.123031
1028,26133,2,26,133,Osceola,Michigan,23528,+43.965561,-085.351195
1025,26135,2,26,135,Oscoda,Michigan,8640,+44.696783,-084.147141
1026,26137,2,26,137,Otsego,Michigan,24164,+45.006777,-084.666879
910,26141,2,26,141,Presque Isle,Michigan,13376,+45.356834,-083.873629
31,26153,2,26,153,Schoolcraft,Michigan,8485,+46.004789,-086.227647
490,27001,2,27,001,Aitkin,Minnesota,16202,+46.570765,-093.524368
489,27003,2,27,003,Anoka,Minnesota,330844,+45.195145,-093.270245
1235,27009,2,27,009,Benton,Minnesota,38451,+45.633538,-094.102484
371,27017,2,27,017,Carlton,Minnesota,35386,+46.642726,-092.536239
712,27025,2,27,025,Chisago,Minnesota,53887,+45.453007,-092.924051
607,27035,2,27,035,Crow Wing,Minnesota,62500,+46.430372,-094.158899
606,27037,2,27,037,Dakota,Minnesota,398552,+44.765954,-093.151767
972,27049,2,27,049,Goodhue,Minnesota,46183,+44.449072,-092.667524
840,27053,2,27,053,Hennepin,Minnesota,1152425,+44.974633,-093.361190
843,27059,2,27,059,Isanti,Minnesota,37816,+45.544297,-093.261468
1085,27075,2,27,075,Lake,Minnesota,10866,+47.180205,-091.557430
1082,27079,2,27,079,Le Sueur,Minnesota,27703,+44.393730,-093.717527
1122,27091,2,27,091,Martin,Minnesota,20840,+43.665285,-094.511487
1120,27095,2,27,095,Mille Lacs,Minnesota,26097,+45.794231,-093.624487
1121,27097,2,27,097,Morrison,Minnesota,33198,+45.983428,-094.327628
613,27103,2,27,103,Nicollet,Minnesota,32727,+44.265357,-094.060790
390,27123,2,27,123,Ramsey,Minnesota,508640,+44.993146,-093.106321
504,27131,2,27,131,Rice,Minnesota,64142,+44.370592,-093.260361
506,27137,2,27,137,St. Louis,Minnesota,200226,+47.085203,-092.311226
497,27139,2,27,139,Scott,Minnesota,129928,+44.713131,-093.467891
122,27141,2,27,141,Sherburne,Minnesota,88499,+45.404646,-093.721897
126,27145,2,27,145,Stearns,Minnesota,150642,+45.557830,-094.360801
124,27147,2,27,147,Steele,Minnesota,36576,+44.064305,-093.214413
265,27153,2,27,153,Todd,Minnesota,24895,+46.066924,-094.886512
1635,27163,2,27,163,Washington,Minnesota,238136,+44.988623,-092.920897
1632,27165,2,27,165,Watonwan,Minnesota,11211,+43.993423,-094.583786
20,27171,2,27,171,Wright,Minnesota,124700,+45.197631,-093.828888
997,28131,2,28,131,Stone,Mississippi,17786,+30.809011,-089.136496
1586,29017,2,29,017,Bollinger,Missouri,12363,+37.338242,-089.998323
1462,29029,2,29,029,Camden,Missouri,44002,+38.072828,-092.749496
1334,29033,2,29,033,Carroll,Missouri,9295,+39.410155,-093.495631
1335,29035,2,29,035,Carter,Missouri,6265,+36.949427,-090.897277
1336,29037,2,29,037,Cass,Missouri,99478,+38.746895,-094.423526
1332,29039,2,29,039,Cedar,Missouri,13982,+37.767996,-093.895022
452,29131,2,29,131,Miller,Missouri,24748,+38.247837,-092.507085
1604,29169,2,29,169,Pulaski,Missouri,52274,+37.824257,-092.177300
1721,29175,2,29,175,Randolph,Missouri,25414,+39.412906,-092.451935
1299,29217,2,29,217,Vernon,Missouri,21159,+37.835598,-094.340355
691,30007,2,30,007,Broadwater,Montana,5612,+46.302846,-111.535578
701,30009,2,30,009,Carbon,Montana,10078,+45.321484,-109.084478
564,30015,2,30,015,Chouteau,Montana,5813,+47.956366,-110.403274
819,30033,2,30,033,Garfield,Montana,1206,+47.299773,-106.977830
821,30037,2,30,037,Golden Valley,Montana,884,+46.287061,-109.139695
823,30039,2,30,039,Granite,Montana,3079,+46.448832,-113.293879
1184,30043,2,30,043,Jefferson,Montana,11406,+46.254092,-112.053101
297,30049,2,30,049,Lewis and Clark,Montana,63395,+46.644770,-112.021955
1476,30065,2,30,065,Musselshell,Montana,4538,+46.417552,-108.490425
899,30081,2,30,081,Ravalli,Montana,40212,+46.352649,-114.117267
1401,30087,2,30,087,Rosebud,Montana,9233,+45.907996,-106.611337
1720,30089,2,30,089,Sanders,Montana,11413,+47.636131,-115.177085
1327,30103,2,30,103,Treasure,Montana,718,+46.255884,-107.241002
1324,30107,2,30,107,Wheatland,Montana,2168,+46.459736,-109.844091
1322,30109,2,30,109,Wibaux,Montana,1017,+46.969011,-104.196159
1454,30111,2,30,111,Yellowstone,Montana,147972,+45.791309,-108.539417
460,31007,2,31,007,Banner,Nebraska,690,+41.557925,-103.702088
573,31011,2,31,011,Boone,Nebraska,5505,+41.680180,-098.016360
568,31019,2,31,019,Buffalo,Nebraska,46102,+40.737667,-099.070160
696,31023,2,31,023,Butler,Nebraska,8395,+41.248949,-097.141234
985,31047,2,31,047,Dawson,Nebraska,24326,+40.828531,-099.858944
1094,31055,2,31,055,Douglas,Nebraska,517110,+41.259910,-096.061471
1206,31065,2,31,065,Furnas,Nebraska,4959,+40.248006,-099.925599
1351,31071,2,31,071,Garfield,Nebraska,2049,+41.800943,-099.107238
1222,31087,2,31,087,Hitchcock,Nebraska,2908,+40.211961,-101.006845
1368,31099,2,31,099,Kearney,Nebraska,6489,+40.506264,-098.992742
89,31123,2,31,123,Morrill,Nebraska,5042,+41.707123,-103.159224
710,31153,2,31,153,Sarpy,Nebraska,158840,+41.153107,-096.033892
709,31155,2,31,155,Saunders,Nebraska,20780,+41.199571,-096.571016
580,31163,2,31,163,Sherman,Nebraska,3152,+41.223634,-098.971650
474,31177,2,31,177,Washington,Nebraska,20234,+41.507053,-096.158296
28,32015,2,32,015,Lander,Nevada,5775,+40.520911,-116.943210
1644,32021,2,32,021,Mineral,Nevada,4772,+38.590037,-118.638693
1643,32027,2,32,027,Pershing,Nevada,6753,+40.343440,-118.294549
1522,32033,2,32,033,White Pine,Nevada,10030,+39.273238,-114.862381
1093,35029,2,35,029,Luna,New Mexico,25095,+32.217487,-107.740412
1207,35033,2,35,033,Mora,New Mexico,4881,+35.999280,-105.241049
349,35047,2,35,047,San Miguel,New Mexico,29393,+35.573296,-105.309684
464,35051,2,35,051,Sierra,New Mexico,11988,+33.109273,-107.277841
1164,36073,2,36,073,Orleans,New York,42883,+43.248317,-078.223294
1053,37061,2,37,061,Duplin,North Carolina,58505,+34.936096,-077.943354
1080,37113,2,37,113,Macon,North Carolina,33922,+35.157148,-083.380756
1463,37129,2,37,129,New Hanover,North Carolina,202667,+34.211687,-077.879277
198,37161,2,37,161,Rutherford,North Carolina,67810,+35.348446,-081.894978
814,38009,2,38,009,Bottineau,North Dakota,6429,+48.820134,-100.650317
689,38011,2,38,011,Bowman,North Dakota,3151,+46.171185,-103.396646
1056,38025,2,38,025,Dunn,North Dakota,3536,+47.332654,-102.643252
942,38033,2,38,033,Golden Valley,North Dakota,1680,+46.894589,-103.962247
1319,38045,2,38,045,LaMoure,North Dakota,4139,+46.405346,-098.520959
1318,38047,2,38,047,Logan,North Dakota,1990,+46.498411,-099.548585
1174,38055,2,38,055,McLean,North Dakota,8962,+47.523976,-101.204564
1600,38083,2,38,083,Sheridan,North Dakota,1321,+47.576556,-100.340156
1498,39125,2,39,125,Paulding,Ohio,19614,+41.132218,-084.584535
1381,39131,2,39,131,Pike,Ohio,28709,+39.083994,-083.038173
1455,40025,2,40,025,Cimarron,Oklahoma,2475,+36.729185,-102.485321
1583,40033,2,40,033,Cotton,Oklahoma,6193,+34.307791,-098.332256
668,40047,2,40,047,Garfield,Oklahoma,60580,+36.398165,-097.883789
318,40093,2,40,093,Major,Oklahoma,7527,+36.301932,-098.421761
1052,40103,2,40,103,Noble,Oklahoma,11561,+36.322823,-097.233709
934,40113,2,40,113,Osage,Oklahoma,47472,+36.424523,-096.241685
678,40137,2,40,137,Stephens,Oklahoma,45048,+34.517163,-097.945593
1294,41015,2,41,015,Curry,Oregon,22364,+42.249909,-124.328547
1579,41035,2,41,035,Klamath,Oregon,66380,+42.281867,-121.724883
75,45065,2,45,065,McCormick,South Carolina,10233,+33.883028,-082.293659
37,46003,2,46,003,Aurora,South Dakota,2710,+43.694057,-098.531305
38,46007,2,46,007,Bennett,South Dakota,3431,+43.208288,-101.786034
514,46043,2,46,043,Douglas,South Dakota,3002,+43.371090,-098.357737
274,46067,2,46,067,Hutchinson,South Dakota,7343,+43.336046,-097.746735
1628,46107,2,46,107,Potter,South Dakota,2329,+45.076727,-099.909039
235,47025,2,47,025,Claiborne,Tennessee,32213,+36.491598,-083.641750
590,47071,2,47,071,Hardin,Tennessee,26026,+35.199678,-088.226837
589,47079,2,47,079,Henry,Tennessee,32330,+36.319164,-088.293739
1608,47181,2,47,181,Wayne,Tennessee,17021,+35.257711,-087.789817
1609,47183,2,47,183,Weakley,Tennessee,35021,+36.292721,-088.773558
442,48067,2,48,067,Cass,Texas,30464,+33.079821,-094.299328
868,48111,2,48,111,Dallam,Texas,6703,+36.110008,-102.577929
303,48129,2,48,129,Donley,Texas,3677,+34.942070,-100.854050
1688,48151,2,48,151,Fisher,Texas,3974,+32.773990,-100.413883
1434,48197,2,48,197,Hardeman,Texas,4139,+34.283002,-099.694647
418,48205,2,48,205,Hartley,Texas,6062,+35.984331,-102.488764
1054,48227,2,48,227,Howard,Texas,35012,+32.242066,-101.464986
66,48235,2,48,235,Irion,Texas,1599,+31.266676,-100.844201
641,48269,2,48,269,King,Texas,286,+33.653281,-100.314415
99,48307,2,48,307,McCulloch,Texas,8283,+31.150738,-099.337039
183,48317,2,48,317,Martin,Texas,4799,+32.184223,-101.825151
900,48399,2,48,399,Runnels,Texas,10501,+31.801037,-099.994273
69,48415,2,48,415,Scurry,Texas,16921,+32.705897,-100.905311
185,48429,2,48,429,Stephens,Texas,9630,+32.754222,-098.904243
302,48431,2,48,431,Sterling,Texas,1143,+31.839559,-100.993423
654,48465,2,48,465,Val Verde,Texas,48879,+29.380730,-100.898068
686,48483,2,48,483,Wheeler,Texas,5410,+35.353697,-100.265178
1403,49007,2,49,007,Carbon,Utah,21403,+39.601629,-110.777221
1276,49015,2,49,015,Emery,Utah,10976,+39.216051,-110.925129
1531,49031,2,49,031,Piute,Utah,1556,+38.288475,-112.208162
493,49037,2,49,037,San Juan,Utah,14746,+37.523884,-109.521036
516,51159,2,51,159,Richmond,Virginia,9254,+37.948660,-076.715071
521,51580,2,51,580,Covington,Virginia,5961,+37.781277,-079.989340
1103,51690,2,51,690,Martinsville,Virginia,13821,+36.683587,-079.864820
39,53007,2,53,007,Chelan,Washington,72453,+47.530217,-120.344707
1550,53009,2,53,009,Clallam,Washington,71404,+48.094258,-123.451968
1662,53013,2,53,013,Columbia,Washington,4078,+46.325941,-117.975741
1666,53017,2,53,017,Douglas,Washington,38431,+47.511897,-120.172826
55,53023,2,53,023,Garfield,Washington,2266,+46.476155,-117.576254
53,53025,2,53,025,Grant,Washington,89120,+47.141696,-119.469973
52,53027,2,53,027,Grays Harbor,Washington,72797,+46.991374,-123.767630
50,53029,2,53,029,Island,Washington,78506,+48.206288,-122.576588
159,53031,2,53,031,Jefferson,Washington,29872,+48.008216,-122.825295
161,53033,2,53,033,King,Washington,1931249,+47.548320,-122.229983
163,53035,2,53,035,Kitsap,Washington,251133,+47.613056,-122.632791
164,53037,2,53,037,Kittitas,Washington,40915,+47.047742,-120.623911
1019,53041,2,53,041,Lewis,Washington,75455,+46.617975,-122.832505
1020,53043,2,53,043,Lincoln,Washington,10570,+47.633857,-118.325118
1017,53045,2,53,045,Mason,Washington,60699,+47.287955,-123.036931
1138,53051,2,53,051,Pend Oreille,Washington,13001,+48.286333,-117.222011
1136,53053,2,53,053,Pierce,Washington,795225,+47.179454,-122.410936
1134,53057,2,53,057,Skagit,Washington,116901,+48.466681,-122.335882
1266,53061,2,53,061,Snohomish,Washington,713335,+47.929139,-122.189388
1264,53063,2,53,063,Spokane,Washington,471221,+47.681186,-117.370870
1268,53065,2,53,065,Stevens,Washington,43531,+48.279486,-117.810545
1267,53067,2,53,067,Thurston,Washington,252264,+46.999073,-122.840989
1418,53071,2,53,071,Walla Walla,Washington,58781,+46.077821,-118.390182
1419,53073,2,53,073,Whatcom,Washington,201140,+48.820552,-122.485318
1417,53077,2,53,077,Yakima,Washington,243231,+46.515822,-120.416190
682,54013,2,54,013,Calhoun,West Virginia,7627,+38.850540,-081.104298
562,54021,2,54,021,Gilmer,West Virginia,8693,+38.924402,-080.827613
563,54029,2,54,029,Hancock,West Virginia,30676,+40.479465,-080.569498
1311,54045,2,54,045,Logan,West Virginia,36743,+37.856637,-081.971518
952,54105,2,54,105,Wirt,West Virginia,5717,+39.052702,-081.392132
378,55001,2,55,001,Adams,Wisconsin,20875,+43.944401,-089.782239
1242,55019,2,55,019,Clark,Wisconsin,34690,+44.784643,-090.547599
845,55049,2,55,049,Iowa,Wisconsin,23687,+42.982704,-090.126735
595,55061,2,55,061,Kewaunee,Wisconsin,20574,+44.527541,-087.589790
599,55065,2,55,065,Lafayette,Wisconsin,16836,+42.661836,-090.139042
1098,55083,2,55,083,Oconto,Wisconsin,37660,+44.897900,-088.147837
1101,55085,2,55,085,Oneida,Wisconsin,35998,+45.708051,-089.490882
1220,55093,2,55,093,Pierce,Wisconsin,41019,+44.771766,-092.544547
1214,55095,2,55,095,Polk,Wisconsin,44205,+45.406302,-092.478528
230,55105,2,55,105,Rock,Wisconsin,160331,+42.651893,-089.037410
231,55109,2,55,109,St. Croix,Wisconsin,84345,+45.018036,-092.579597
1487,55141,2,55,141,Wood,Wisconsin,74749,+44.478782,-089.963901
1390,56005,2,56,005,Campbell,Wyoming,46133,+44.254397,-105.494894
1389,56007,2,56,007,Carbon,Wyoming,15885,+41.670117,-107.083924
1262,56013,2,56,013,Fremont,Wyoming,40123,+43.013591,-108.608913
1257,56015,2,56,015,Goshen,Wyoming,13249,+42.046971,-104.220514
631,56021,2,56,021,Laramie,Wyoming,91738,+41.153225,-104.773209
1639,56025,2,56,025,Natrona,Wyoming,75450,+42.844218,-106.336877
1640,56027,2,56,027,Niobrara,Wyoming,2484,+42.809987,-104.465879
1517,56031,2,56,031,Platte,Wyoming,8667,+42.102310,-104.928453
1516,56033,2,56,033,Sheridan,Wyoming,29116,+44.781091,-106.974338
1518,56037,2,56,037,Sweetwater,Wyoming,43806,+41.580266,-109.295115
1520,56039,2,56,039,Teton,Wyoming,21294,+43.494174,-110.784353
133,56045,2,56,045,Weston,Wyoming,7208,+43.910214,-104.312414
