y1_statefips,y2_statefips,y2_state,y2_state_name,n1,n2,AGI
01,96,AL,AL Total Migration US and Foreign,50379,103386,2294467
01,97,AL,AL Total Migration US,49516,101455,2247089
01,98,AL,AL Total Migration Foreign,863,1931,47378
01,01,AL,AL Non-migrants,1581562,3585285,92260065
01,13,GA,Georgia,9517,19081,348015
01,12,FL,Florida,7254,14422,424170
01,48,TX,Texas,4536,9719,220678
01,47,TN,Tennessee,4140,8499,201352
01,28,MS,Mississippi,2648,5824,110302
01,37,NC,North Carolina,1815,3752,93529
01,06,CA,California,1784,3413,88250
01,22,LA,Louisiana,1508,3096,68978
01,51,VA,Virginia,1320,2842,74171
01,45,SC,South Carolina,1033,2281,51453
01,39,OH,Ohio,951,1967,38645
01,36,NY,New York,945,1693,37153
01,08,CO,Colorado,893,1941,44489
01,57,FR,Foreign,863,1931,47378
01,26,MI,Michigan,837,1694,31622
01,17,IL,Illinois,802,1510,32717
01,21,KY,Kentucky,740,1655,34880
01,29,MO,Missouri,648,1260,29645
01,18,IN,Indiana,645,1405,25874
01,53,WA,Washington,624,1317,28086
01,42,PA,Pennsylvania,569,1171,33248
01,24,MD,Maryland,544,1072,28436
01,04,AZ,Arizona,544,1038,24597
01,40,OK,Oklahoma,486,1041,19577
01,05,AR,Arkansas,462,1001,18714
01,20,KS,Kansas,407,933,19688
01,34,NJ,New Jersey,285,549,14521
01,55,WI,Wisconsin,276,574,11117
01,15,HI,Hawaii,276,623,13263
01,32,NV,Nevada,273,559,15748
01,25,MA,Massachusetts,262,466,11888
01,27,MN,Minnesota,241,483,9752
01,02,AK,Alaska,211,475,8718
01,19,IA,Iowa,201,441,7642
01,35,NM,New Mexico,190,429,8136
01,41,OR,Oregon,182,337,9272
01,49,UT,Utah,157,337,10242
01,09,CT,Connecticut,146,277,6562
01,54,WV,West Virginia,142,323,7245
01,31,NE,Nebraska,138,300,5480
01,11,DC,District Of Columbia,129,185,5724
01,30,MT,Montana,109,210,4948
01,56,WY,Wyoming,105,190,4078
01,16,ID,Idaho,89,212,4270
01,38,ND,North Dakota,79,147,3112
01,33,NH,New Hampshire,78,127,2945
01,46,SD,South Dakota,77,155,-55629
01,23,ME,Maine,75,154,3392
01,10,DE,Delaware,61,123,3174
01,44,RI,Rhode Island,49,97,1912
01,50,VT,Vermont,33,55,1309
02,96,AK,AK Total Migration US and Foreign,20763,42818,1201231
02,97,AK,AK Total Migration US,20215,41611,1169990
02,98,AK,AK Total Migration Foreign,548,1207,31241
02,02,AK,AK Non-migrants,257450,544630,19685230
02,53,WA,Washington,2234,4329,133319
02,48,TX,Texas,1829,4052,155071
02,06,CA,California,1724,3209,102962
02,12,FL,Florida,1361,2584,68997
02,41,OR,Oregon,1115,2142,65774
02,04,AZ,Arizona,927,1760,58642
02,08,CO,Colorado,779,1613,46764
02,13,GA,Georgia,570,1245,24168
02,32,NV,Nevada,558,1114,37814
02,57,FR,Foreign,548,1207,31241
02,16,ID,Idaho,548,1271,38432
02,37,NC,North Carolina,540,1261,24106
02,51,VA,Virginia,471,1120,25888
02,15,HI,Hawaii,470,1026,24976
02,30,MT,Montana,401,754,22883
02,36,NY,New York,383,729,15022
02,27,MN,Minnesota,368,701,19397
02,26,MI,Michigan,363,713,21257
02,47,TN,Tennessee,346,838,20088
02,49,UT,Utah,343,791,16063
02,29,MO,Missouri,320,711,15218
02,39,OH,Ohio,279,556,13618
02,40,OK,Oklahoma,277,652,15726
02,17,IL,Illinois,259,536,13402
02,55,WI,Wisconsin,255,500,12184
02,35,NM,New Mexico,255,501,13604
02,01,AL,Alabama,247,599,12641
02,42,PA,Pennsylvania,246,487,11166
02,45,SC,South Carolina,243,577,11667
02,20,KS,Kansas,198,479,8279
02,22,LA,Louisiana,195,443,10643
02,24,MD,Maryland,191,379,9700
02,56,WY,Wyoming,170,330,9979
02,38,ND,North Dakota,169,316,10171
02,21,KY,Kentucky,167,414,7591
02,25,MA,Massachusetts,156,272,8192
02,05,AR,Arkansas,153,317,6907
02,18,IN,Indiana,141,282,6571
02,34,NJ,New Jersey,124,272,5510
02,46,SD,South Dakota,117,268,6924
02,28,MS,Mississippi,116,236,5925
02,19,IA,Iowa,104,233,5488
02,31,NE,Nebraska,101,217,5280
02,23,ME,Maine,81,162,4551
02,09,CT,Connecticut,69,127,3800
02,33,NH,New Hampshire,68,141,3571
02,54,WV,West Virginia,52,105,3240
02,50,VT,Vermont,48,92,2622
02,11,DC,District Of Columbia,31,45,1951
02,10,DE,Delaware,29,69,1248
02,44,RI,Rhode Island,24,41,1002
04,96,AZ,AZ Total Migration US and Foreign,94533,185497,4888555
04,97,AZ,AZ Total Migration US,91904,179924,4745087
04,98,AZ,AZ Total Migration Foreign,2629,5573,143468
04,04,AZ,AZ Non-migrants,2137465,4848674,132371320
04,06,CA,California,17967,34959,876275
04,48,TX,Texas,8427,17835,439859
04,08,CO,Colorado,5049,9682,274469
04,53,WA,Washington,4736,9007,250244
04,12,FL,Florida,4317,7652,213786
04,32,NV,Nevada,3475,7005,163333
04,35,NM,New Mexico,3321,7622,124365
04,17,IL,Illinois,2963,5151,150548
04,41,OR,Oregon,2936,5481,149927
04,57,FR,Foreign,2629,5573,143468
04,49,UT,Utah,2388,5785,115838
04,26,MI,Michigan,2239,4120,104045
04,36,NY,New York,2208,3683,116659
04,39,OH,Ohio,1918,3658,102269
04,37,NC,North Carolina,1781,3728,99101
04,13,GA,Georgia,1706,3516,83437
04,27,MN,Minnesota,1702,2987,113532
04,51,VA,Virginia,1622,3379,100706
04,42,PA,Pennsylvania,1531,2730,81776
04,29,MO,Missouri,1426,2755,69671
04,55,WI,Wisconsin,1413,2504,76207
04,16,ID,Idaho,1228,2776,57326
04,18,IN,Indiana,1193,2320,56657
04,47,TN,Tennessee,1156,2325,61765
04,40,OK,Oklahoma,1101,2354,45841
04,19,IA,Iowa,982,1871,53406
04,20,KS,Kansas,909,1816,43190
04,25,MA,Massachusetts,865,1436,51782
04,15,HI,Hawaii,839,1622,47193
04,24,MD,Maryland,809,1539,47552
04,30,MT,Montana,789,1457,40383
04,34,NJ,New Jersey,779,1401,42927
04,45,SC,South Carolina,720,1469,41977
04,31,NE,Nebraska,683,1289,31408
04,02,AK,Alaska,609,1198,28557
04,21,KY,Kentucky,602,1197,28983
04,38,ND,North Dakota,598,1176,34798
04,01,AL,Alabama,591,1203,30537
04,05,AR,Arkansas,562,1160,31168
04,56,WY,Wyoming,550,1018,89837
04,46,SD,South Dakota,544,1029,28343
04,22,LA,Louisiana,528,1037,25378
04,09,CT,Connecticut,421,765,35602
04,33,NH,New Hampshire,385,722,18248
04,28,MS,Mississippi,287,594,12627
04,23,ME,Maine,266,528,13241
04,11,DC,District Of Columbia,219,306,12677
04,54,WV,West Virginia,171,337,7048
04,10,DE,Delaware,133,295,8148
04,50,VT,Vermont,130,203,5448
04,44,RI,Rhode Island,130,242,6993
05,96,AR,AR Total Migration US and Foreign,33321,68672,1513224
05,97,AR,AR Total Migration US,32861,67692,1490074
05,98,AR,AR Total Migration Foreign,460,980,23150
05,05,AR,AR Non-migrants,941087,2133591,55560483
05,48,TX,Texas,6831,14190,313656
05,40,OK,Oklahoma,3139,6895,118635
05,29,MO,Missouri,2768,5730,103051
05,47,TN,Tennessee,1983,4064,79286
05,12,FL,Florida,1809,3522,102429
05,06,CA,California,1605,3084,61056
05,22,LA,Louisiana,1328,2850,55388
05,28,MS,Mississippi,941,2036,36716
05,13,GA,Georgia,935,1974,49576
05,17,IL,Illinois,907,1765,47180
05,08,CO,Colorado,743,1428,40366
05,37,NC,North Carolina,646,1284,32925
05,20,KS,Kansas,633,1322,24805
05,51,VA,Virginia,567,1145,25765
05,01,AL,Alabama,548,1239,26448
05,04,AZ,Arizona,529,1063,22372
05,39,OH,Ohio,511,1052,29090
05,57,FR,Foreign,460,980,23150
05,53,WA,Washington,450,891,19259
05,26,MI,Michigan,418,860,18119
05,18,IN,Indiana,417,845,16537
05,36,NY,New York,385,680,18623
05,21,KY,Kentucky,365,784,15773
05,55,WI,Wisconsin,355,722,14495
05,45,SC,South Carolina,345,685,16850
05,27,MN,Minnesota,331,708,18620
05,42,PA,Pennsylvania,328,714,20652
05,19,IA,Iowa,288,587,10831
05,32,NV,Nevada,252,499,8557
05,35,NM,New Mexico,224,444,10388
05,41,OR,Oregon,219,405,7943
05,31,NE,Nebraska,215,446,10471
05,34,NJ,New Jersey,200,416,14431
05,24,MD,Maryland,180,334,9165
05,49,UT,Utah,167,404,8495
05,25,MA,Massachusetts,160,295,8012
05,02,AK,Alaska,138,298,6033
05,38,ND,North Dakota,126,269,5205
05,56,WY,Wyoming,120,258,4674
05,15,HI,Hawaii,113,234,3908
05,16,ID,Idaho,103,225,5316
05,54,WV,West Virginia,84,167,3111
05,46,SD,South Dakota,79,167,8731
05,30,MT,Montana,78,153,2781
05,09,CT,Connecticut,68,126,21815
05,11,DC,District Of Columbia,49,58,3143
05,10,DE,Delaware,48,102,2110
05,23,ME,Maine,45,98,2193
05,33,NH,New Hampshire,37,78,2510
05,44,RI,Rhode Island,28,58,1419
05,50,VT,Vermont,23,39,1159
06,96,CA,CA Total Migration US and Foreign,280002,532619,20914782
06,97,CA,CA Total Migration US,266937,505991,19642988
06,98,CA,CA Total Migration Foreign,13065,26628,1271794
06,06,CA,CA Non-migrants,13148643,30139423,1056418176
06,48,TX,Texas,30771,64053,2369471
06,32,NV,Nevada,21362,41132,1765826
06,04,AZ,Arizona,20473,40325,1193404
06,53,WA,Washington,18366,35456,1521210
06,41,OR,Oregon,13882,25154,794495
06,12,FL,Florida,13617,24609,1193202
06,36,NY,New York,13535,19362,1504303
06,57,FR,Foreign,13065,26628,1271794
06,08,CO,Colorado,10871,20312,759031
06,17,IL,Illinois,8067,14152,567672
06,51,VA,Virginia,7618,15669,547216
06,13,GA,Georgia,7081,13785,379415
06,37,NC,North Carolina,6884,14025,496414
06,15,HI,Hawaii,6117,11070,430311
06,49,UT,Utah,5544,12657,394739
06,25,MA,Massachusetts,5189,8114,521157
06,42,PA,Pennsylvania,4661,8076,337531
06,26,MI,Michigan,4649,8670,281984
06,39,OH,Ohio,4351,7934,269633
06,16,ID,Idaho,4300,8934,503186
06,34,NJ,New Jersey,3993,7215,413914
06,47,TN,Tennessee,3965,7734,251353
06,24,MD,Maryland,3944,7372,248921
06,29,MO,Missouri,3720,7056,198009
06,27,MN,Minnesota,3154,5819,197006
06,40,OK,Oklahoma,3083,6359,151646
06,35,NM,New Mexico,2971,5523,113306
06,18,IN,Indiana,2711,5317,154507
06,55,WI,Wisconsin,2476,4607,128303
06,22,LA,Louisiana,2473,4530,187884
06,45,SC,South Carolina,2245,4465,129442
06,20,KS,Kansas,2181,4550,104378
06,05,AR,Arkansas,1920,3942,87932
06,30,MT,Montana,1914,3476,234617
06,09,CT,Connecticut,1907,3258,175438
06,01,AL,Alabama,1742,3458,89566
06,02,AK,Alaska,1688,3046,70670
06,19,IA,Iowa,1625,3281,68891
06,21,KY,Kentucky,1599,3078,77369
06,11,DC,District Of Columbia,1533,2010,125348
06,31,NE,Nebraska,1380,2793,65759
06,28,MS,Mississippi,1206,2365,77929
06,56,WY,Wyoming,969,1939,116979
06,38,ND,North Dakota,928,1775,45038
06,33,NH,New Hampshire,831,1403,84779
06,46,SD,South Dakota,809,1555,48453
06,23,ME,Maine,709,1147,47748
06,44,RI,Rhode Island,676,1283,41492
06,50,VT,Vermont,424,637,26572
06,10,DE,Delaware,416,761,27090
06,54,WV,West Virginia,407,748,22452
08,96,CO,CO Total Migration US and Foreign,82365,158807,5104532
08,97,CO,CO Total Migration US,80285,154364,4949978
08,98,CO,CO Total Migration Foreign,2080,4443,154554
08,08,CO,CO Non-migrants,1806505,3948575,141209758
08,06,CA,California,9317,16778,536084
08,48,TX,Texas,9285,19601,985988
08,12,FL,Florida,4888,9079,337852
08,04,AZ,Arizona,4714,9236,291868
08,53,WA,Washington,2865,5324,162346
08,35,NM,New Mexico,2257,4415,105703
08,17,IL,Illinois,2091,3635,116484
08,57,FR,Foreign,2080,4443,154554
08,36,NY,New York,2065,3244,108600
08,56,WY,Wyoming,2000,3903,102187
08,51,VA,Virginia,1947,4030,132077
08,13,GA,Georgia,1878,3911,104509
08,37,NC,North Carolina,1878,3810,104498
08,49,UT,Utah,1825,4099,105155
08,41,OR,Oregon,1796,3232,97258
08,20,KS,Kansas,1790,3682,80896
08,32,NV,Nevada,1727,3253,107274
08,31,NE,Nebraska,1626,3172,82662
08,29,MO,Missouri,1621,3116,79299
08,26,MI,Michigan,1576,2949,82575
08,40,OK,Oklahoma,1547,3134,74095
08,39,OH,Ohio,1524,2786,77216
08,27,MN,Minnesota,1464,2588,76451
08,42,PA,Pennsylvania,1346,2461,90277
08,47,TN,Tennessee,1194,2436,64647
08,55,WI,Wisconsin,1120,1990,53840
08,30,MT,Montana,1059,1941,63950
08,25,MA,Massachusetts,1026,1632,58949
08,19,IA,Iowa,961,1778,45283
08,24,MD,Maryland,901,1687,51839
08,16,ID,Idaho,863,1772,44645
08,18,IN,Indiana,862,1642,41565
08,15,HI,Hawaii,854,1719,41813
08,45,SC,South Carolina,830,1748,48458
08,22,LA,Louisiana,749,1496,34549
08,38,ND,North Dakota,741,1543,40520
08,02,AK,Alaska,697,1382,33352
08,34,NJ,New Jersey,680,1214,39295
08,46,SD,South Dakota,667,1286,32938
08,01,AL,Alabama,616,1310,30522
08,21,KY,Kentucky,609,1287,30026
08,05,AR,Arkansas,585,1211,29192
08,28,MS,Mississippi,405,745,13588
08,09,CT,Connecticut,393,713,26432
08,33,NH,New Hampshire,322,551,14228
08,11,DC,District Of Columbia,274,348,19838
08,23,ME,Maine,263,435,12339
08,50,VT,Vermont,196,310,16473
08,54,WV,West Virginia,176,365,9809
08,44,RI,Rhode Island,122,225,6256
08,10,DE,Delaware,93,160,4277
09,96,CT,CT Total Migration US and Foreign,48362,85030,5404641
09,97,CT,CT Total Migration US,47113,82412,5135829
09,98,CT,CT Total Migration Foreign,1249,2618,268812
09,09,CT,CT Non-migrants,1365345,2855206,142228765
09,36,NY,New York,8354,13255,835175
09,12,FL,Florida,6906,12591,1439485
09,25,MA,Massachusetts,5114,7925,368497
09,06,CA,California,2786,4626,338770
09,37,NC,North Carolina,2057,4021,169367
09,48,TX,Texas,1978,3861,235487
09,34,NJ,New Jersey,1905,3526,172850
09,42,PA,Pennsylvania,1492,2657,128675
09,51,VA,Virginia,1402,2701,103458
09,44,RI,Rhode Island,1363,2177,112872
09,13,GA,Georgia,1318,2632,96337
09,57,FR,Foreign,1249,2618,268812
09,45,SC,South Carolina,1190,2258,108688
09,24,MD,Maryland,886,1578,79385
09,33,NH,New Hampshire,818,1408,120805
09,17,IL,Illinois,805,1425,75679
09,23,ME,Maine,739,1283,49775
09,04,AZ,Arizona,662,1132,57791
09,08,CO,Colorado,626,1049,55449
09,39,OH,Ohio,619,1216,53158
09,53,WA,Washington,597,1066,44725
09,47,TN,Tennessee,519,992,69593
09,26,MI,Michigan,498,985,49716
09,50,VT,Vermont,465,748,38264
09,11,DC,District Of Columbia,307,366,13556
09,27,MN,Minnesota,276,560,35309
09,18,IN,Indiana,260,527,18891
09,29,MO,Missouri,242,441,27067
09,41,OR,Oregon,241,400,37449
09,15,HI,Hawaii,239,449,12639
09,32,NV,Nevada,225,399,13984
09,55,WI,Wisconsin,210,405,17735
09,21,KY,Kentucky,192,378,14540
09,22,LA,Louisiana,191,329,15501
09,10,DE,Delaware,177,328,11421
09,01,AL,Alabama,171,317,10790
09,49,UT,Utah,168,360,33227
09,40,OK,Oklahoma,139,253,7416
09,20,KS,Kansas,133,236,8061
09,35,NM,New Mexico,109,161,10193
09,19,IA,Iowa,104,212,6219
09,28,MS,Mississippi,84,156,4180
09,31,NE,Nebraska,81,174,5716
09,05,AR,Arkansas,81,164,5661
09,02,AK,Alaska,71,104,3351
09,54,WV,West Virginia,68,124,3227
09,16,ID,Idaho,68,142,4588
09,46,SD,South Dakota,48,82,2580
09,30,MT,Montana,48,91,2332
09,56,WY,Wyoming,41,67,3752
09,38,ND,North Dakota,40,75,2445
10,96,DE,DE Total Migration US and Foreign,14934,27938,896134
10,97,DE,DE Total Migration US,14604,27252,876411
10,98,DE,DE Total Migration Foreign,330,686,19723
10,10,DE,DE Non-migrants,337313,712571,22966149
10,42,PA,Pennsylvania,3299,6133,255385
10,24,MD,Maryland,2416,4537,109263
10,12,FL,Florida,1312,2365,91779
10,34,NJ,New Jersey,1059,1845,62454
10,51,VA,Virginia,734,1524,36663
10,36,NY,New York,688,1098,27864
10,48,TX,Texas,598,1222,35866
10,37,NC,North Carolina,535,1044,26271
10,06,CA,California,476,894,34216
10,13,GA,Georgia,471,948,19944
10,57,FR,Foreign,330,686,19723
10,45,SC,South Carolina,240,478,17865
10,39,OH,Ohio,222,441,10650
10,17,IL,Illinois,183,332,11668
10,25,MA,Massachusetts,182,308,14871
10,47,TN,Tennessee,146,279,8281
10,04,AZ,Arizona,142,266,7821
10,08,CO,Colorado,136,236,8946
10,53,WA,Washington,126,213,6882
10,09,CT,Connecticut,119,209,6561
10,26,MI,Michigan,107,192,6730
10,11,DC,District Of Columbia,107,140,7918
10,54,WV,West Virginia,93,162,3353
10,18,IN,Indiana,82,154,3757
10,29,MO,Missouri,78,161,3892
10,01,AL,Alabama,74,139,3580
10,22,LA,Louisiana,69,144,3272
10,40,OK,Oklahoma,64,139,2815
10,32,NV,Nevada,64,121,3943
10,23,ME,Maine,61,101,3637
10,27,MN,Minnesota,60,105,3136
10,21,KY,Kentucky,56,105,2133
10,55,WI,Wisconsin,52,140,2578
10,41,OR,Oregon,49,81,3178
10,15,HI,Hawaii,45,77,1362
10,20,KS,Kansas,44,86,1933
10,05,AR,Arkansas,44,94,2113
10,33,NH,New Hampshire,42,61,2129
10,49,UT,Utah,39,90,2119
10,02,AK,Alaska,38,102,1584
10,28,MS,Mississippi,36,81,2083
10,19,IA,Iowa,34,67,1903
10,35,NM,New Mexico,33,66,2132
10,50,VT,Vermont,26,43,1312
10,44,RI,Rhode Island,21,38,1195
10,31,NE,Nebraska,21,48,1058
10,46,SD,South Dakota,19,36,716
10,38,ND,North Dakota,18,29,406
10,30,MT,Montana,18,26,446
10,56,WY,Wyoming,15,31,6418
10,16,ID,Idaho,11,21,331
11,96,DC,DC Total Migration US and Foreign,29841,45093,2685039
11,97,DC,DC Total Migration US,29044,43742,2611502
11,98,DC,DC Total Migration Foreign,797,1351,73538
11,11,DC,DC Non-migrants,239899,403321,24208925
11,24,MD,Maryland,9702,16982,624981
11,51,VA,Virginia,5394,7973,489663
11,36,NY,New York,2149,2554,162491
11,06,CA,California,1959,2581,172336
11,12,FL,Florida,944,1366,117641
11,48,TX,Texas,829,1218,416525
11,57,FR,Foreign,797,1351,73538
11,42,PA,Pennsylvania,791,1013,65025
11,37,NC,North Carolina,728,1070,66159
11,25,MA,Massachusetts,710,876,65243
11,17,IL,Illinois,610,775,53394
11,13,GA,Georgia,500,760,32707
11,34,NJ,New Jersey,445,573,29356
11,08,CO,Colorado,366,489,27513
11,53,WA,Washington,344,467,25279
11,39,OH,Ohio,304,411,22481
11,26,MI,Michigan,273,324,18699
11,09,CT,Connecticut,261,346,21195
11,45,SC,South Carolina,186,277,15387
11,41,OR,Oregon,183,261,18074
11,47,TN,Tennessee,176,260,11641
11,27,MN,Minnesota,164,203,10932
11,04,AZ,Arizona,153,213,16371
11,22,LA,Louisiana,138,199,8687
11,55,WI,Wisconsin,136,173,9341
11,29,MO,Missouri,132,184,11848
11,18,IN,Indiana,127,183,7763
11,10,DE,Delaware,102,136,-1516
11,32,NV,Nevada,89,129,6532
11,01,AL,Alabama,86,127,5397
11,15,HI,Hawaii,85,153,7417
11,44,RI,Rhode Island,80,137,6654
11,21,KY,Kentucky,78,121,6024
11,33,NH,New Hampshire,75,110,6258
11,54,WV,West Virginia,74,121,4944
11,23,ME,Maine,74,94,4599
11,35,NM,New Mexico,62,92,6671
11,50,VT,Vermont,60,75,3932
11,49,UT,Utah,57,96,5405
11,40,OK,Oklahoma,51,81,3342
11,19,IA,Iowa,50,60,2837
11,28,MS,Mississippi,50,91,2740
11,20,KS,Kansas,49,73,2780
11,31,NE,Nebraska,48,68,2860
11,02,AK,Alaska,34,57,3384
11,05,AR,Arkansas,33,45,2147
11,30,MT,Montana,32,40,2998
11,16,ID,Idaho,23,33,1588
11,56,WY,Wyoming,20,33,2212
11,46,SD,South Dakota,17,23,900
11,38,ND,North Dakota,11,16,664
12,96,FL,FL Total Migration US and Foreign,286919,512104,17024141
12,97,FL,FL Total Migration US,278657,496391,16588109
12,98,FL,FL Total Migration Foreign,8262,15713,436032
12,12,FL,FL Non-migrants,6941526,14176739,450063746
12,48,TX,Texas,30296,53818,2290417
12,13,GA,Georgia,24437,46601,1325315
12,36,NY,New York,22868,37301,1296227
12,06,CA,California,16264,27892,1030401
12,37,NC,North Carolina,15283,29068,747890
12,51,VA,Virginia,10662,20334,636171
12,39,OH,Ohio,9849,17480,649312
12,42,PA,Pennsylvania,9474,16117,495536
12,47,TN,Tennessee,9259,17771,471001
12,34,NJ,New Jersey,9022,15418,508932
12,57,FR,Foreign,8262,15713,436032
12,17,IL,Illinois,8256,13903,520504
12,26,MI,Michigan,8196,14133,350365
12,25,MA,Massachusetts,7746,12783,447402
12,01,AL,Alabama,7249,14217,303253
12,45,SC,South Carolina,6739,12980,323090
12,24,MD,Maryland,5987,10440,345510
12,08,CO,Colorado,5807,10028,330245
12,18,IN,Indiana,5265,9641,247208
12,53,WA,Washington,5013,9084,713407
12,04,AZ,Arizona,4264,7391,227602
12,09,CT,Connecticut,4165,6905,341533
12,21,KY,Kentucky,4012,7424,246224
12,22,LA,Louisiana,3868,7108,164811
12,29,MO,Missouri,3692,6625,465714
12,32,NV,Nevada,3518,5931,162139
12,55,WI,Wisconsin,3100,5219,172512
12,27,MN,Minnesota,2544,4433,308958
12,28,MS,Mississippi,2438,4549,99326
12,40,OK,Oklahoma,2157,4111,82891
12,33,NH,New Hampshire,1996,3339,89803
12,05,AR,Arkansas,1829,3430,83255
12,23,ME,Maine,1802,2934,75538
12,20,KS,Kansas,1738,3267,84525
12,41,OR,Oregon,1673,2784,84102
12,56,WY,Wyoming,1643,2773,87366
12,54,WV,West Virginia,1641,2930,73397
12,15,HI,Hawaii,1535,2801,64875
12,44,RI,Rhode Island,1411,2365,79916
12,19,IA,Iowa,1369,2446,70693
12,46,SD,South Dakota,1346,2166,56970
12,35,NM,New Mexico,1296,2383,63659
12,49,UT,Utah,1197,2613,63689
12,02,AK,Alaska,1184,2061,41366
12,11,DC,District Of Columbia,1077,1427,78522
12,10,DE,Delaware,981,1703,37891
12,31,NE,Nebraska,951,1766,40382
12,50,VT,Vermont,739,1144,23885
12,38,ND,North Dakota,649,1226,31399
12,16,ID,Idaho,608,1168,26172
12,30,MT,Montana,562,960,26810
13,96,GA,GA Total Migration US and Foreign,137632,276109,7374477
13,97,GA,GA Total Migration US,134571,269373,7201348
13,98,GA,GA Total Migration Foreign,3061,6736,173129
13,13,GA,GA Non-migrants,3156705,7290362,200588577
13,12,FL,Florida,23810,45916,1685340
13,48,TX,Texas,12735,26270,651069
13,01,AL,Alabama,9437,20102,381340
13,45,SC,South Carolina,8402,17313,426202
13,37,NC,North Carolina,8284,16963,413063
13,47,TN,Tennessee,7751,15745,367171
13,06,CA,California,7175,13496,415841
13,36,NY,New York,5609,10203,356916
13,51,VA,Virginia,4877,10031,271764
13,39,OH,Ohio,3084,6131,133670
13,57,FR,Foreign,3061,6736,173129
13,17,IL,Illinois,2996,5841,186329
13,24,MD,Maryland,2611,5038,131751
13,26,MI,Michigan,2571,4982,95328
13,22,LA,Louisiana,2529,5236,97478
13,42,PA,Pennsylvania,2482,4862,131165
13,08,CO,Colorado,2350,4687,132988
13,53,WA,Washington,2027,4360,106047
13,34,NJ,New Jersey,2002,3820,110074
13,21,KY,Kentucky,1780,3782,70873
13,28,MS,Mississippi,1765,3696,62192
13,04,AZ,Arizona,1675,3363,81219
13,18,IN,Indiana,1663,3511,69498
13,29,MO,Missouri,1549,3204,67014
13,25,MA,Massachusetts,1410,2445,97668
13,40,OK,Oklahoma,1103,2474,46180
13,32,NV,Nevada,976,1799,36945
13,20,KS,Kansas,943,2186,44726
13,55,WI,Wisconsin,920,1898,46082
13,27,MN,Minnesota,894,1767,48340
13,05,AR,Arkansas,874,1865,41966
13,09,CT,Connecticut,819,1563,51438
13,15,HI,Hawaii,717,1684,30391
13,41,OR,Oregon,644,1197,31508
13,11,DC,District Of Columbia,607,869,36578
13,49,UT,Utah,559,1294,33213
13,19,IA,Iowa,537,1119,20442
13,54,WV,West Virginia,497,945,18813
13,02,AK,Alaska,493,1082,17752
13,35,NM,New Mexico,448,888,19863
13,31,NE,Nebraska,396,846,25224
13,10,DE,Delaware,309,613,11556
13,33,NH,New Hampshire,300,556,15090
13,38,ND,North Dakota,283,560,11366
13,46,SD,South Dakota,277,477,9063
13,16,ID,Idaho,264,570,12757
13,30,MT,Montana,262,459,12164
13,23,ME,Maine,253,526,11727
13,56,WY,Wyoming,252,448,9997
13,44,RI,Rhode Island,237,449,11098
13,50,VT,Vermont,133,242,5066
15,96,HI,HI Total Migration US and Foreign,27856,58912,1318647
15,97,HI,HI Total Migration US,26471,55841,1251608
15,98,HI,HI Total Migration Foreign,1385,3071,67039
15,15,HI,HI Non-migrants,522868,1079885,32455387
15,06,CA,California,5367,10194,262553
15,48,TX,Texas,2233,5208,108473
15,53,WA,Washington,2041,4309,95729
15,57,FR,Foreign,1385,3071,67039
15,12,FL,Florida,1307,2729,66360
15,32,NV,Nevada,1239,2381,56333
15,51,VA,Virginia,1196,3030,68667
15,08,CO,Colorado,927,1929,42296
15,41,OR,Oregon,926,1658,44280
15,04,AZ,Arizona,882,1827,41396
15,37,NC,North Carolina,780,1947,32267
15,13,GA,Georgia,758,1806,36372
15,36,NY,New York,724,1250,27348
15,24,MD,Maryland,518,1179,30471
15,17,IL,Illinois,467,875,23701
15,49,UT,Utah,441,1107,17791
15,39,OH,Ohio,389,774,14839
15,29,MO,Missouri,384,896,16005
15,42,PA,Pennsylvania,375,710,16652
15,02,AK,Alaska,357,817,12838
15,47,TN,Tennessee,355,852,18188
15,45,SC,South Carolina,353,837,18644
15,26,MI,Michigan,307,607,11920
15,25,MA,Massachusetts,296,477,13389
15,40,OK,Oklahoma,295,742,13026
15,22,LA,Louisiana,259,620,11704
15,01,AL,Alabama,250,658,12023
15,34,NJ,New Jersey,249,482,10406
15,20,KS,Kansas,247,683,10863
15,18,IN,Indiana,232,471,8970
15,35,NM,New Mexico,207,405,10102
15,21,KY,Kentucky,198,526,8571
15,55,WI,Wisconsin,196,340,7240
15,27,MN,Minnesota,196,360,9970
15,16,ID,Idaho,193,400,7809
15,09,CT,Connecticut,160,323,8962
15,30,MT,Montana,121,247,6149
15,31,NE,Nebraska,115,222,5655
15,05,AR,Arkansas,115,288,4443
15,19,IA,Iowa,114,262,5169
15,28,MS,Mississippi,108,257,4321
15,33,NH,New Hampshire,86,151,4468
15,23,ME,Maine,70,124,2955
15,54,WV,West Virginia,69,150,2634
15,11,DC,District Of Columbia,69,117,5081
15,44,RI,Rhode Island,68,155,4419
15,56,WY,Wyoming,58,121,3084
15,38,ND,North Dakota,52,111,1851
15,10,DE,Delaware,47,89,2244
15,46,SD,South Dakota,38,75,1733
15,50,VT,Vermont,37,63,1239
16,96,ID,ID Total Migration US and Foreign,23602,49380,1012769
16,97,ID,ID Total Migration US,23185,48541,989132
16,98,ID,ID Total Migration Foreign,417,839,23637
16,16,ID,ID Non-migrants,520985,1241679,29593948
16,53,WA,Washington,4204,8081,155189
16,06,CA,California,2639,5095,113266
16,49,UT,Utah,2437,5739,95316
16,41,OR,Oregon,2060,4336,76449
16,04,AZ,Arizona,1171,2453,59103
16,48,TX,Texas,1115,2587,59362
16,32,NV,Nevada,960,2064,45846
16,30,MT,Montana,942,1927,38557
16,08,CO,Colorado,868,1773,38560
16,56,WY,Wyoming,579,1424,27280
16,38,ND,North Dakota,541,1236,28209
16,12,FL,Florida,539,1114,28054
16,57,FR,Foreign,417,839,23637
16,02,AK,Alaska,350,712,15286
16,37,NC,North Carolina,263,589,12562
16,51,VA,Virginia,254,516,12894
16,36,NY,New York,239,417,9951
16,13,GA,Georgia,236,482,9232
16,17,IL,Illinois,229,479,12129
16,29,MO,Missouri,222,492,7170
16,15,HI,Hawaii,207,373,9665
16,39,OH,Ohio,204,451,7975
16,35,NM,New Mexico,194,429,8185
16,40,OK,Oklahoma,193,456,7918
16,26,MI,Michigan,191,383,7318
16,27,MN,Minnesota,187,365,7381
16,42,PA,Pennsylvania,178,380,6607
16,47,TN,Tennessee,177,384,8741
16,55,WI,Wisconsin,157,304,8102
16,20,KS,Kansas,141,297,5157
16,31,NE,Nebraska,133,314,5752
16,18,IN,Indiana,124,238,4871
16,46,SD,South Dakota,121,250,5551
16,19,IA,Iowa,118,297,5844
16,24,MD,Maryland,114,229,5772
16,45,SC,South Carolina,106,248,4241
16,25,MA,Massachusetts,100,192,4321
16,22,LA,Louisiana,99,207,5997
16,21,KY,Kentucky,97,207,3782
16,05,AR,Arkansas,86,176,3530
16,01,AL,Alabama,77,176,2764
16,34,NJ,New Jersey,70,146,3731
16,28,MS,Mississippi,46,100,2148
16,33,NH,New Hampshire,41,89,2031
16,23,ME,Maine,36,80,1702
16,09,CT,Connecticut,34,71,1349
16,54,WV,West Virginia,29,68,1003
16,50,VT,Vermont,26,47,1501
16,11,DC,District Of Columbia,24,28,1085
16,10,DE,Delaware,15,25,431
16,44,RI,Rhode Island,12,15,263
17,96,IL,IL Total Migration US and Foreign,138121,259153,10180485
17,97,IL,IL Total Migration US,134890,252839,9906671
17,98,IL,IL Total Migration Foreign,3231,6314,273814
17,17,IL,IL Non-migrants,4772443,10615790,366591746
17,12,FL,Florida,11759,21652,1621381
17,18,IN,Indiana,11584,23596,568656
17,06,CA,California,11140,18866,863751
17,48,TX,Texas,10993,22858,789303
17,55,WI,Wisconsin,9515,18116,540562
17,29,MO,Missouri,8561,15190,420332
17,26,MI,Michigan,5657,10432,395897
17,19,IA,Iowa,5168,10158,232603
17,04,AZ,Arizona,4695,8852,388647
17,36,NY,New York,4157,6138,393833
17,13,GA,Georgia,4121,8353,239516
17,08,CO,Colorado,3766,6365,255715
17,39,OH,Ohio,3521,6642,228974
17,47,TN,Tennessee,3460,6741,248417
17,57,FR,Foreign,3231,6314,273814
17,37,NC,North Carolina,3019,5896,232097
17,27,MN,Minnesota,2920,5524,173875
17,51,VA,Virginia,2666,5041,167533
17,53,WA,Washington,2406,4256,171479
17,21,KY,Kentucky,2029,4042,100389
17,42,PA,Pennsylvania,1991,3576,146778
17,32,NV,Nevada,1657,3014,160369
17,34,NJ,New Jersey,1565,2951,148601
17,25,MA,Massachusetts,1556,2482,180446
17,45,SC,South Carolina,1338,2645,129142
17,24,MD,Maryland,1287,2338,86132
17,05,AR,Arkansas,1189,2341,51797
17,20,KS,Kansas,1115,2237,66739
17,01,AL,Alabama,1064,2165,58169
17,41,OR,Oregon,1030,1749,63704
17,28,MS,Mississippi,1010,2093,38433
17,40,OK,Oklahoma,1003,2031,60700
17,22,LA,Louisiana,993,1931,50101
17,31,NE,Nebraska,741,1437,42309
17,09,CT,Connecticut,696,1304,74272
17,11,DC,District Of Columbia,639,790,46149
17,35,NM,New Mexico,609,1092,37873
17,49,UT,Utah,576,1224,42116
17,15,HI,Hawaii,572,967,39207
17,38,ND,North Dakota,367,696,13464
17,02,AK,Alaska,339,582,12388
17,46,SD,South Dakota,325,622,62153
17,30,MT,Montana,316,527,23353
17,16,ID,Idaho,282,635,19904
17,56,WY,Wyoming,277,540,140642
17,54,WV,West Virginia,261,477,12894
17,33,NH,New Hampshire,256,446,18362
17,44,RI,Rhode Island,202,360,13779
17,23,ME,Maine,193,326,13594
17,10,DE,Delaware,183,353,13283
17,50,VT,Vermont,121,190,6857
18,96,IN,IN Total Migration US and Foreign,63575,122929,3279084
18,97,IN,IN Total Migration US,62641,121111,3178740
18,98,IN,IN Total Migration Foreign,934,1818,100343
18,18,IN,IN Non-migrants,2347759,5249931,141376692
18,17,IL,Illinois,8896,17035,390412
18,12,FL,Florida,6662,12538,441546
18,21,KY,Kentucky,5208,9979,210157
18,39,OH,Ohio,4740,9163,212612
18,26,MI,Michigan,4276,8647,217728
18,48,TX,Texas,4061,8366,209458
18,06,CA,California,3036,5359,163603
18,47,TN,Tennessee,2261,4654,110474
18,13,GA,Georgia,1906,3843,87789
18,37,NC,North Carolina,1708,3381,94740
18,04,AZ,Arizona,1549,2864,96569
18,08,CO,Colorado,1315,2356,68802
18,29,MO,Missouri,1235,2456,62554
18,51,VA,Virginia,1200,2232,69046
18,36,NY,New York,1185,2033,50984
18,55,WI,Wisconsin,1086,2202,51911
18,45,SC,South Carolina,1000,2018,56468
18,42,PA,Pennsylvania,993,1945,57288
18,57,FR,Foreign,934,1818,100343
18,53,WA,Washington,875,1614,41478
18,01,AL,Alabama,721,1552,34009
18,27,MN,Minnesota,701,1387,32786
18,24,MD,Maryland,576,1045,49305
18,32,NV,Nevada,567,1010,24827
18,19,IA,Iowa,554,1151,26880
18,25,MA,Massachusetts,491,833,32280
18,40,OK,Oklahoma,482,948,18306
18,34,NJ,New Jersey,467,913,29694
18,20,KS,Kansas,457,941,23407
18,41,OR,Oregon,438,719,18547
18,05,AR,Arkansas,428,905,15097
18,22,LA,Louisiana,424,865,19774
18,28,MS,Mississippi,348,768,13711
18,49,UT,Utah,258,556,13988
18,15,HI,Hawaii,233,450,9335
18,09,CT,Connecticut,226,395,11687
18,35,NM,New Mexico,224,414,9420
18,54,WV,West Virginia,220,463,10154
18,31,NE,Nebraska,211,471,12761
18,02,AK,Alaska,178,336,7337
18,30,MT,Montana,147,301,6779
18,46,SD,South Dakota,142,285,8500
18,38,ND,North Dakota,142,256,5891
18,16,ID,Idaho,142,309,9228
18,11,DC,District Of Columbia,135,164,7694
18,56,WY,Wyoming,132,230,5983
18,33,NH,New Hampshire,114,219,6542
18,23,ME,Maine,95,171,5517
18,10,DE,Delaware,85,181,5051
18,44,RI,Rhode Island,58,108,8365
18,50,VT,Vermont,53,80,2266
19,96,IA,IA Total Migration US and Foreign,32761,61697,1656898
19,97,IA,IA Total Migration US,32362,60915,1636747
19,98,IA,IA Total Migration Foreign,399,782,20150
19,19,IA,IA Non-migrants,1119331,2457823,75164752
19,17,IL,Illinois,4123,7465,168802
19,31,NE,Nebraska,3111,6003,127250
19,27,MN,Minnesota,2577,4753,129383
19,48,TX,Texas,2114,4209,104615
19,29,MO,Missouri,1814,3552,91607
19,12,FL,Florida,1688,3113,137401
19,06,CA,California,1533,2783,72117
19,55,WI,Wisconsin,1454,2724,68788
19,08,CO,Colorado,1363,2300,68200
19,46,SD,South Dakota,1190,2242,60039
19,04,AZ,Arizona,1181,2158,76487
19,20,KS,Kansas,738,1454,41708
19,53,WA,Washington,605,1094,25414
19,37,NC,North Carolina,586,1143,33073
19,26,MI,Michigan,571,1140,32228
19,18,IN,Indiana,567,1145,28261
19,13,GA,Georgia,527,1088,30096
19,39,OH,Ohio,508,991,31630
19,47,TN,Tennessee,499,944,25689
19,36,NY,New York,441,718,18957
19,51,VA,Virginia,405,746,20069
19,57,FR,Foreign,399,782,20150
19,40,OK,Oklahoma,384,822,17231
19,41,OR,Oregon,354,645,19382
19,42,PA,Pennsylvania,344,625,20856
19,05,AR,Arkansas,323,658,13716
19,38,ND,North Dakota,256,474,12328
19,45,SC,South Carolina,242,462,14050
19,21,KY,Kentucky,239,488,11052
19,32,NV,Nevada,232,443,13948
19,24,MD,Maryland,209,358,12585
19,49,UT,Utah,195,442,9994
19,25,MA,Massachusetts,189,311,13889
19,01,AL,Alabama,178,350,8410
19,22,LA,Louisiana,177,352,7410
19,35,NM,New Mexico,172,330,7924
19,28,MS,Mississippi,148,296,4224
19,34,NJ,New Jersey,146,265,8115
19,56,WY,Wyoming,133,235,5524
19,30,MT,Montana,133,274,6561
19,16,ID,Idaho,119,251,5135
19,15,HI,Hawaii,105,215,5558
19,09,CT,Connecticut,101,190,6152
19,02,AK,Alaska,85,142,3734
19,11,DC,District Of Columbia,62,73,2815
19,23,ME,Maine,52,100,2935
19,33,NH,New Hampshire,50,89,2528
19,54,WV,West Virginia,42,71,3122
19,10,DE,Delaware,37,78,2381
19,50,VT,Vermont,30,57,2169
19,44,RI,Rhode Island,30,54,1205
20,96,KS,KS Total Migration US and Foreign,45018,92924,2439643
20,97,KS,KS Total Migration US,44147,90748,2390501
20,98,KS,KS Total Migration Foreign,871,2176,49142
20,20,KS,KS Non-migrants,1016593,2284458,70692949
20,29,MO,Missouri,10270,18697,457430
20,48,TX,Texas,5042,11311,310598
20,40,OK,Oklahoma,3139,6920,146807
20,08,CO,Colorado,2543,5104,142337
20,06,CA,California,2241,4301,114878
20,12,FL,Florida,1985,3974,145665
20,31,NE,Nebraska,1311,2777,59485
20,04,AZ,Arizona,1122,2224,89419
20,17,IL,Illinois,1062,2040,59464
20,13,GA,Georgia,1060,2514,52695
20,53,WA,Washington,934,2074,62019
20,37,NC,North Carolina,900,2115,49567
20,57,FR,Foreign,871,2176,49142
20,19,IA,Iowa,832,1789,43079
20,51,VA,Virginia,809,1897,51465
20,05,AR,Arkansas,737,1547,35721
20,36,NY,New York,698,1329,85484
20,47,TN,Tennessee,663,1434,34682
20,39,OH,Ohio,560,1203,26635
20,27,MN,Minnesota,559,1152,28687
20,26,MI,Michigan,553,1140,37454
20,18,IN,Indiana,494,1101,23755
20,42,PA,Pennsylvania,444,909,24008
20,22,LA,Louisiana,392,880,17581
20,41,OR,Oregon,387,746,16615
20,21,KY,Kentucky,386,926,18592
20,01,AL,Alabama,386,873,17898
20,45,SC,South Carolina,381,863,19185
20,55,WI,Wisconsin,375,749,21030
20,32,NV,Nevada,374,719,16395
20,35,NM,New Mexico,367,744,15993
20,24,MD,Maryland,318,668,17418
20,15,HI,Hawaii,301,826,15881
20,46,SD,South Dakota,275,526,14576
20,49,UT,Utah,235,561,10135
20,25,MA,Massachusetts,234,403,13317
20,28,MS,Mississippi,225,529,8807
20,34,NJ,New Jersey,201,408,11473
20,02,AK,Alaska,201,454,12781
20,56,WY,Wyoming,170,337,10929
20,16,ID,Idaho,164,414,8549
20,38,ND,North Dakota,150,271,6959
20,30,MT,Montana,150,318,8295
20,09,CT,Connecticut,126,243,10346
20,54,WV,West Virginia,81,179,2593
20,11,DC,District Of Columbia,76,100,3005
20,33,NH,New Hampshire,69,126,3394
20,23,ME,Maine,61,130,2538
20,44,RI,Rhode Island,41,82,1942
20,10,DE,Delaware,40,77,1690
20,50,VT,Vermont,23,44,1250
21,96,KY,KY Total Migration US and Foreign,47089,96973,2278932
21,97,KY,KY Total Migration US,46438,95496,2238696
21,98,KY,KY Total Migration Foreign,651,1477,40235
21,21,KY,KY Non-migrants,1454864,3231818,83232662
21,39,OH,Ohio,6112,11621,265032
21,47,TN,Tennessee,5409,11553,228314
21,18,IN,Indiana,5400,10926,206145
21,12,FL,Florida,4354,8458,284540
21,48,TX,Texas,2635,5749,131326
21,13,GA,Georgia,1935,4511,92099
21,06,CA,California,1829,3564,126387
21,17,IL,Illinois,1622,3100,70223
21,37,NC,North Carolina,1532,3331,75905
21,51,VA,Virginia,1263,2695,62024
21,26,MI,Michigan,1155,2353,49779
21,45,SC,South Carolina,942,1980,53858
21,29,MO,Missouri,918,1877,39652
21,01,AL,Alabama,915,2154,45599
21,36,NY,New York,877,1655,36056
21,08,CO,Colorado,748,1492,36630
21,54,WV,West Virginia,745,1523,27753
21,42,PA,Pennsylvania,718,1381,40839
21,57,FR,Foreign,651,1477,40235
21,53,WA,Washington,567,1252,32331
21,04,AZ,Arizona,548,1163,42475
21,24,MD,Maryland,475,970,26216
21,22,LA,Louisiana,469,1007,20229
21,55,WI,Wisconsin,390,846,18187
21,28,MS,Mississippi,367,815,15906
21,40,OK,Oklahoma,363,827,14511
21,20,KS,Kansas,326,793,17054
21,05,AR,Arkansas,324,700,13503
21,34,NJ,New Jersey,303,590,15948
21,27,MN,Minnesota,284,556,17385
21,25,MA,Massachusetts,281,516,18097
21,32,NV,Nevada,270,485,12189
21,19,IA,Iowa,239,529,10491
21,41,OR,Oregon,232,416,9474
21,15,HI,Hawaii,229,538,9276
21,49,UT,Utah,172,406,8298
21,02,AK,Alaska,165,392,7181
21,35,NM,New Mexico,150,316,7430
21,10,DE,Delaware,135,448,5552
21,31,NE,Nebraska,126,261,5815
21,09,CT,Connecticut,112,193,5214
21,11,DC,District Of Columbia,110,144,4336
21,38,ND,North Dakota,103,225,4138
21,16,ID,Idaho,96,237,4093
21,46,SD,South Dakota,85,171,3654
21,30,MT,Montana,85,165,3067
21,56,WY,Wyoming,79,140,2909
21,33,NH,New Hampshire,74,152,3798
21,23,ME,Maine,69,130,3186
21,44,RI,Rhode Island,61,120,2644
21,50,VT,Vermont,40,70,1949
22,96,LA,LA Total Migration US and Foreign,46946,95050,2506770
22,97,LA,LA Total Migration US,46147,93317,2459441
22,98,LA,LA Total Migration Foreign,799,1733,47329
22,22,LA,LA Non-migrants,1499022,3321818,91578269
22,48,TX,Texas,14515,30214,981479
22,12,FL,Florida,3639,6739,182750
22,28,MS,Mississippi,3381,7237,143152
22,13,GA,Georgia,2542,5548,103981
22,06,CA,California,2321,4160,102472
22,01,AL,Alabama,1349,2943,69605
22,05,AR,Arkansas,1316,2722,58149
22,47,TN,Tennessee,1292,2753,60505
22,37,NC,North Carolina,1148,2379,54643
22,51,VA,Virginia,1023,2149,50412
22,36,NY,New York,1020,1704,40182
22,08,CO,Colorado,873,1667,46725
22,57,FR,Foreign,799,1733,47329
22,40,OK,Oklahoma,786,1753,38440
22,29,MO,Missouri,744,1540,36285
22,17,IL,Illinois,728,1278,37847
22,53,WA,Washington,725,1428,31172
22,39,OH,Ohio,636,1243,29329
22,26,MI,Michigan,584,1136,25874
22,42,PA,Pennsylvania,562,1075,34232
22,45,SC,South Carolina,533,1134,26400
22,04,AZ,Arizona,524,1031,24139
22,24,MD,Maryland,510,929,24333
22,21,KY,Kentucky,437,968,27524
22,18,IN,Indiana,420,904,21208
22,32,NV,Nevada,372,730,17115
22,34,NJ,New Jersey,368,623,18788
22,20,KS,Kansas,347,744,15283
22,25,MA,Massachusetts,308,482,13718
22,41,OR,Oregon,280,510,10870
22,35,NM,New Mexico,239,463,11588
22,55,WI,Wisconsin,232,451,9292
22,27,MN,Minnesota,231,397,9142
22,15,HI,Hawaii,218,522,9609
22,02,AK,Alaska,192,400,8971
22,31,NE,Nebraska,170,368,7047
22,49,UT,Utah,159,344,7513
22,19,IA,Iowa,155,316,6001
22,38,ND,North Dakota,150,334,8894
22,54,WV,West Virginia,148,291,6480
22,09,CT,Connecticut,141,246,8538
22,56,WY,Wyoming,131,242,6740
22,11,DC,District Of Columbia,122,160,6075
22,30,MT,Montana,95,201,5416
22,16,ID,Idaho,95,191,3499
22,33,NH,New Hampshire,84,149,5074
22,23,ME,Maine,76,123,2827
22,46,SD,South Dakota,74,124,3038
22,44,RI,Rhode Island,63,108,3505
22,10,DE,Delaware,60,111,2627
22,50,VT,Vermont,29,53,954
23,96,ME,ME Total Migration US and Foreign,15401,26033,824968
23,97,ME,ME Total Migration US,15098,25505,803373
23,98,ME,ME Total Migration Foreign,303,528,21594
23,23,ME,ME Non-migrants,497811,1005947,29066050
23,12,FL,Florida,2242,3983,157336
23,33,NH,New Hampshire,1988,3219,98536
23,25,MA,Massachusetts,1822,2696,93813
23,36,NY,New York,854,1326,40761
23,06,CA,California,683,1120,43823
23,48,TX,Texas,641,1182,31691
23,37,NC,North Carolina,558,1066,30019
23,51,VA,Virginia,503,922,27967
23,09,CT,Connecticut,438,727,21206
23,42,PA,Pennsylvania,407,705,19251
23,08,CO,Colorado,335,504,15028
23,13,GA,Georgia,320,596,15632
23,45,SC,South Carolina,309,585,16894
23,57,FR,Foreign,303,528,21594
23,04,AZ,Arizona,272,485,15649
23,50,VT,Vermont,269,423,12484
23,53,WA,Washington,255,450,12215
23,34,NJ,New Jersey,237,394,13971
23,24,MD,Maryland,213,361,10968
23,44,RI,Rhode Island,210,343,7769
23,39,OH,Ohio,203,366,13087
23,47,TN,Tennessee,194,375,8468
23,17,IL,Illinois,165,249,7697
23,41,OR,Oregon,153,241,7463
23,26,MI,Michigan,151,270,8423
23,32,NV,Nevada,108,177,4201
23,55,WI,Wisconsin,100,190,4505
23,27,MN,Minnesota,98,175,4973
23,49,UT,Utah,94,166,4068
23,21,KY,Kentucky,88,158,2930
23,18,IN,Indiana,87,141,5708
23,02,AK,Alaska,87,141,3389
23,01,AL,Alabama,86,152,3543
23,29,MO,Missouri,85,150,3422
23,15,HI,Hawaii,85,149,2964
23,22,LA,Louisiana,81,140,3455
23,35,NM,New Mexico,72,107,3169
23,11,DC,District Of Columbia,70,92,3931
23,20,KS,Kansas,58,103,2010
23,30,MT,Montana,57,91,3251
23,40,OK,Oklahoma,57,96,1746
23,19,IA,Iowa,52,101,2163
23,10,DE,Delaware,50,94,3263
23,56,WY,Wyoming,46,83,1650
23,05,AR,Arkansas,41,75,1607
23,28,MS,Mississippi,34,55,1384
23,16,ID,Idaho,34,64,1516
23,38,ND,North Dakota,31,68,1156
23,46,SD,South Dakota,28,48,1160
23,31,NE,Nebraska,26,64,1073
23,54,WV,West Virginia,21,37,991
24,96,MD,MD Total Migration US and Foreign,89008,163323,6557530
24,97,MD,MD Total Migration US,86671,158133,6382618
24,98,MD,MD Total Migration Foreign,2337,5190,174912
24,24,MD,MD Non-migrants,2161024,4598731,180966515
24,51,VA,Virginia,13637,24554,1118937
24,11,DC,District Of Columbia,8929,14958,520801
24,12,FL,Florida,7947,14501,944632
24,42,PA,Pennsylvania,7674,13688,475373
24,06,CA,California,4612,8234,363552
24,48,TX,Texas,4515,9218,321408
24,37,NC,North Carolina,4459,8721,288249
24,36,NY,New York,4159,6716,245600
24,10,DE,Delaware,3290,6038,210439
24,13,GA,Georgia,2676,5304,149874
24,57,FR,Foreign,2337,5190,174912
24,54,WV,West Virginia,2209,4211,114533
24,34,NJ,New Jersey,2188,3853,170494
24,45,SC,South Carolina,1932,3696,137956
24,39,OH,Ohio,1467,2746,92413
24,25,MA,Massachusetts,1401,2322,105507
24,17,IL,Illinois,1298,2226,116789
24,08,CO,Colorado,1226,2228,95275
24,53,WA,Washington,1127,2153,84352
24,47,TN,Tennessee,1068,2083,75015
24,04,AZ,Arizona,1004,1914,77754
24,26,MI,Michigan,883,1671,58975
24,09,CT,Connecticut,641,1164,57751
24,18,IN,Indiana,619,1177,40020
24,32,NV,Nevada,534,981,61975
24,01,AL,Alabama,520,1097,32499
24,29,MO,Missouri,513,1008,31666
24,21,KY,Kentucky,510,1037,27644
24,15,HI,Hawaii,486,993,30938
24,22,LA,Louisiana,463,863,27376
24,27,MN,Minnesota,419,746,28199
24,41,OR,Oregon,398,673,29737
24,55,WI,Wisconsin,378,685,23524
24,20,KS,Kansas,313,667,19939
24,40,OK,Oklahoma,299,561,14610
24,35,NM,New Mexico,292,531,23506
24,49,UT,Utah,273,654,18467
24,23,ME,Maine,260,453,18590
24,33,NH,New Hampshire,247,453,17514
24,28,MS,Mississippi,242,465,11892
24,19,IA,Iowa,222,422,15671
24,05,AR,Arkansas,196,383,10847
24,44,RI,Rhode Island,192,331,12485
24,02,AK,Alaska,163,315,8208
24,31,NE,Nebraska,143,284,10038
24,16,ID,Idaho,132,260,9012
24,50,VT,Vermont,129,203,8889
24,46,SD,South Dakota,102,189,6496
24,30,MT,Montana,99,180,7257
24,38,ND,North Dakota,97,185,4058
24,56,WY,Wyoming,88,138,5880
25,96,MA,MA Total Migration US and Foreign,77705,127521,6007613
25,97,MA,MA Total Migration US,75326,123144,5790838
25,98,MA,MA Total Migration Foreign,2379,4377,216775
25,25,MA,MA Non-migrants,2514484,5154084,233830485
25,12,FL,Florida,9474,16360,1097063
25,33,NH,New Hampshire,8125,13542,536043
25,36,NY,New York,7966,11292,551233
25,06,CA,California,7009,10652,640928
25,44,RI,Rhode Island,4271,6831,268011
25,09,CT,Connecticut,4095,6485,257543
25,48,TX,Texas,3390,6193,262721
25,23,ME,Maine,2540,4061,178143
25,37,NC,North Carolina,2394,4573,187461
25,57,FR,Foreign,2379,4377,216775
25,42,PA,Pennsylvania,2225,3579,140407
25,34,NJ,New Jersey,2208,3646,170816
25,51,VA,Virginia,2032,3542,164177
25,13,GA,Georgia,1602,2869,113375
25,17,IL,Illinois,1549,2382,119605
25,24,MD,Maryland,1452,2350,123885
25,50,VT,Vermont,1221,1864,66664
25,08,CO,Colorado,1221,1866,88997
25,53,WA,Washington,1156,1884,83155
25,45,SC,South Carolina,1039,1867,73651
25,04,AZ,Arizona,956,1606,69466
25,39,OH,Ohio,948,1668,68239
25,11,DC,District Of Columbia,809,970,53686
25,26,MI,Michigan,764,1349,53746
25,47,TN,Tennessee,625,1058,34947
25,41,OR,Oregon,564,837,32251
25,27,MN,Minnesota,483,835,33535
25,18,IN,Indiana,453,823,30312
25,29,MO,Missouri,421,721,28063
25,32,NV,Nevada,408,663,35644
25,55,WI,Wisconsin,390,668,27465
25,22,LA,Louisiana,337,504,15243
25,49,UT,Utah,336,640,21962
25,01,AL,Alabama,295,543,17169
25,15,HI,Hawaii,286,459,15841
25,21,KY,Kentucky,278,495,17081
25,35,NM,New Mexico,226,353,11996
25,20,KS,Kansas,199,401,13866
25,40,OK,Oklahoma,197,342,9901
25,19,IA,Iowa,192,339,9924
25,10,DE,Delaware,161,258,9154
25,02,AK,Alaska,135,228,6517
25,05,AR,Arkansas,134,241,7508
25,28,MS,Mississippi,122,205,5862
25,54,WV,West Virginia,108,208,5633
25,30,MT,Montana,106,172,7961
25,16,ID,Idaho,106,196,6566
25,56,WY,Wyoming,98,153,4733
25,31,NE,Nebraska,93,163,6660
25,46,SD,South Dakota,77,129,3905
25,38,ND,North Dakota,50,79,2123
26,96,MI,MI Total Migration US and Foreign,80419,146919,4394900
26,97,MI,MI Total Migration US,78511,143074,4223388
26,98,MI,MI Total Migration Foreign,1908,3845,171513
26,26,MI,MI Non-migrants,3585201,7713994,227261766
26,12,FL,Florida,10515,18768,784530
26,48,TX,Texas,6213,12220,298750
26,39,OH,Ohio,5620,10396,280945
26,17,IL,Illinois,5148,8311,299476
26,06,CA,California,5059,8546,281699
26,18,IN,Indiana,4379,8598,195567
26,13,GA,Georgia,3128,6112,132213
26,37,NC,North Carolina,2795,5343,142424
26,04,AZ,Arizona,2759,4824,134027
26,47,TN,Tennessee,2724,5317,113551
26,55,WI,Wisconsin,2427,4474,123686
26,36,NY,New York,2403,3990,115478
26,08,CO,Colorado,2028,3289,98638
26,57,FR,Foreign,1908,3845,171513
26,51,VA,Virginia,1870,3535,104327
26,21,KY,Kentucky,1521,2999,66858
26,42,PA,Pennsylvania,1498,2738,85453
26,45,SC,South Carolina,1392,2708,96621
26,53,WA,Washington,1381,2482,65968
26,27,MN,Minnesota,1180,2151,68286
26,29,MO,Missouri,1063,2067,50116
26,01,AL,Alabama,1038,1993,40679
26,32,NV,Nevada,996,1714,47432
26,24,MD,Maryland,960,1639,49215
26,25,MA,Massachusetts,808,1298,49067
26,34,NJ,New Jersey,747,1358,93737
26,41,OR,Oregon,720,1207,33609
26,22,LA,Louisiana,653,1272,29429
26,19,IA,Iowa,602,1182,28470
26,40,OK,Oklahoma,535,1041,20224
26,28,MS,Mississippi,506,1028,16244
26,05,AR,Arkansas,495,980,20300
26,20,KS,Kansas,484,949,23808
26,38,ND,North Dakota,479,819,20730
26,11,DC,District Of Columbia,383,480,18922
26,49,UT,Utah,377,722,31537
26,35,NM,New Mexico,366,638,17548
26,09,CT,Connecticut,355,599,23272
26,02,AK,Alaska,352,631,12998
26,15,HI,Hawaii,341,646,14448
26,31,NE,Nebraska,303,592,13493
26,56,WY,Wyoming,295,509,13202
26,54,WV,West Virginia,272,488,10426
26,30,MT,Montana,269,477,10936
26,46,SD,South Dakota,232,426,8900
26,16,ID,Idaho,190,417,9981
26,23,ME,Maine,174,308,1839
26,33,NH,New Hampshire,167,288,10658
26,50,VT,Vermont,109,158,4324
26,10,DE,Delaware,106,205,5427
26,44,RI,Rhode Island,94,142,3918
27,96,MN,MN Total Migration US and Foreign,51231,92974,3587588
27,97,MN,MN Total Migration US,50166,90940,3497543
27,98,MN,MN Total Migration Foreign,1065,2034,90044
27,27,MN,MN Non-migrants,2009887,4364807,155459504
27,55,WI,Wisconsin,6567,11584,388505
27,38,ND,North Dakota,4527,7437,201064
27,06,CA,California,3866,6580,248848
27,48,TX,Texas,3379,7009,220625
27,12,FL,Florida,3149,5721,380897
27,17,IL,Illinois,2375,4284,152919
27,04,AZ,Arizona,2316,4209,324786
27,19,IA,Iowa,2240,4224,107403
27,08,CO,Colorado,1884,3179,153336
27,46,SD,South Dakota,1808,3331,71825
27,53,WA,Washington,1352,2412,88305
27,36,NY,New York,1203,1830,74329
27,13,GA,Georgia,1132,2264,130634
27,57,FR,Foreign,1065,2034,90044
27,37,NC,North Carolina,996,1991,64081
27,26,MI,Michigan,960,1829,62686
27,29,MO,Missouri,828,1617,42273
27,51,VA,Virginia,748,1380,65150
27,39,OH,Ohio,734,1419,48512
27,41,OR,Oregon,684,1174,48875
27,42,PA,Pennsylvania,631,1159,44149
27,18,IN,Indiana,590,1176,37259
27,31,NE,Nebraska,574,1123,29986
27,25,MA,Massachusetts,561,898,39127
27,47,TN,Tennessee,554,1093,32836
27,32,NV,Nevada,527,938,35187
27,30,MT,Montana,498,865,37058
27,24,MD,Maryland,456,777,36295
27,20,KS,Kansas,444,940,24533
27,34,NJ,New Jersey,383,730,38244
27,40,OK,Oklahoma,342,687,17432
27,45,SC,South Carolina,341,665,20737
27,49,UT,Utah,323,622,17072
27,05,AR,Arkansas,282,596,18081
27,22,LA,Louisiana,269,452,13484
27,35,NM,New Mexico,262,474,13766
27,16,ID,Idaho,253,515,17945
27,02,AK,Alaska,253,412,11078
27,21,KY,Kentucky,252,464,30870
27,15,HI,Hawaii,239,390,12613
27,01,AL,Alabama,214,458,12461
27,09,CT,Connecticut,207,384,21840
27,56,WY,Wyoming,191,356,10855
27,11,DC,District Of Columbia,190,221,18411
27,28,MS,Mississippi,166,340,6175
27,33,NH,New Hampshire,87,168,6340
27,23,ME,Maine,87,151,4130
27,44,RI,Rhode Island,71,108,5865
27,50,VT,Vermont,64,99,3670
27,10,DE,Delaware,57,106,2676
27,54,WV,West Virginia,50,99,2316
28,96,MS,MS Total Migration US and Foreign,34328,70899,1410426
28,97,MS,MS Total Migration US,33786,69780,1389287
28,98,MS,MS Total Migration Foreign,542,1119,21139
28,28,MS,MS Non-migrants,952394,2174055,48198946
28,47,TN,Tennessee,5374,11851,204161
28,48,TX,Texas,4133,8480,174174
28,22,LA,Louisiana,3867,7937,149952
28,01,AL,Alabama,2948,6370,136039
28,12,FL,Florida,2652,5161,110783
28,13,GA,Georgia,2098,4313,79762
28,06,CA,California,1159,2309,54697
28,05,AR,Arkansas,1068,2266,42773
28,51,VA,Virginia,816,1694,35091
28,17,IL,Illinois,778,1551,24044
28,37,NC,North Carolina,766,1608,37083
28,29,MO,Missouri,583,1160,19967
28,57,FR,Foreign,542,1119,21139
28,39,OH,Ohio,540,1136,22391
28,45,SC,South Carolina,470,960,33587
28,26,MI,Michigan,434,909,16091
28,08,CO,Colorado,428,806,17276
28,36,NY,New York,410,688,14888
28,40,OK,Oklahoma,404,837,16168
28,18,IN,Indiana,390,808,12808
28,21,KY,Kentucky,378,810,16194
28,53,WA,Washington,354,703,13099
28,04,AZ,Arizona,346,653,13686
28,42,PA,Pennsylvania,292,597,12519
28,24,MD,Maryland,288,539,12172
28,55,WI,Wisconsin,264,554,8707
28,32,NV,Nevada,221,400,7124
28,20,KS,Kansas,214,458,9629
28,27,MN,Minnesota,186,386,6549
28,34,NJ,New Jersey,156,286,6595
28,19,IA,Iowa,145,313,5244
28,02,AK,Alaska,139,291,6663
28,25,MA,Massachusetts,124,214,5116
28,35,NM,New Mexico,123,236,10769
28,49,UT,Utah,121,326,5076
28,41,OR,Oregon,119,227,5014
28,31,NE,Nebraska,116,252,4196
28,15,HI,Hawaii,109,238,3680
28,56,WY,Wyoming,92,206,3642
28,16,ID,Idaho,79,185,2990
28,11,DC,District Of Columbia,75,115,2994
28,38,ND,North Dakota,74,129,3340
28,54,WV,West Virginia,71,134,3843
28,09,CT,Connecticut,71,118,3484
28,46,SD,South Dakota,68,132,2407
28,30,MT,Montana,68,135,5900
28,23,ME,Maine,57,102,2302
28,33,NH,New Hampshire,44,79,1950
28,10,DE,Delaware,29,50,952
28,44,RI,Rhode Island,28,45,919
28,50,VT,Vermont,17,23,795
29,96,MO,MO Total Migration US and Foreign,67431,130297,3632638
29,97,MO,MO Total Migration US,66201,127738,3563883
29,98,MO,MO Total Migration Foreign,1230,2559,68755
29,29,MO,MO Non-migrants,2086404,4524562,132192358
29,20,KS,Kansas,10042,18918,622670
29,17,IL,Illinois,6537,11603,282760
29,48,TX,Texas,6096,12289,320573
29,12,FL,Florida,4467,8398,345708
29,06,CA,California,3807,6636,195433
29,05,AR,Arkansas,2793,5851,111049
29,08,CO,Colorado,2205,4017,131772
29,40,OK,Oklahoma,2180,4552,88537
29,19,IA,Iowa,1708,3398,71519
29,04,AZ,Arizona,1687,3269,92354
29,47,TN,Tennessee,1630,3316,70275
29,13,GA,Georgia,1602,3156,75714
29,37,NC,North Carolina,1315,2735,78466
29,18,IN,Indiana,1265,2531,56630
29,36,NY,New York,1240,2096,69852
29,57,FR,Foreign,1230,2559,68755
29,39,OH,Ohio,1203,2408,71461
29,53,WA,Washington,1201,2381,69823
29,51,VA,Virginia,1165,2325,59257
29,26,MI,Michigan,1016,2022,49273
29,31,NE,Nebraska,995,1993,47955
29,27,MN,Minnesota,846,1677,50827
29,55,WI,Wisconsin,842,1671,46098
29,21,KY,Kentucky,819,1680,38802
29,42,PA,Pennsylvania,767,1438,46735
29,22,LA,Louisiana,728,1452,36749
29,01,AL,Alabama,687,1471,30538
29,45,SC,South Carolina,657,1397,42779
29,32,NV,Nevada,651,1244,36947
29,24,MD,Maryland,596,1050,36627
29,41,OR,Oregon,567,1007,27707
29,28,MS,Mississippi,533,1124,21590
29,25,MA,Massachusetts,454,763,29917
29,34,NJ,New Jersey,390,677,22932
29,49,UT,Utah,389,957,21970
29,35,NM,New Mexico,386,772,18483
29,15,HI,Hawaii,370,809,16630
29,02,AK,Alaska,293,635,12718
29,46,SD,South Dakota,276,563,14677
29,38,ND,North Dakota,252,493,12187
29,09,CT,Connecticut,245,442,20559
29,16,ID,Idaho,218,533,9852
29,30,MT,Montana,212,444,12525
29,56,WY,Wyoming,190,367,8299
29,11,DC,District Of Columbia,152,187,9599
29,54,WV,West Virginia,127,262,5500
29,33,NH,New Hampshire,109,198,5526
29,10,DE,Delaware,90,164,4769
29,23,ME,Maine,84,163,4900
29,50,VT,Vermont,62,105,3564
29,44,RI,Rhode Island,55,99,2796
30,96,MT,MT Total Migration US and Foreign,15793,28754,740814
30,97,MT,MT Total Migration US,15489,28161,713024
30,98,MT,MT Total Migration Foreign,304,593,27790
30,30,MT,MT Non-migrants,371250,768305,22135506
30,53,WA,Washington,1812,3217,72209
30,06,CA,California,1209,2080,51932
30,16,ID,Idaho,949,1910,40346
30,08,CO,Colorado,912,1557,41157
30,04,AZ,Arizona,909,1601,47473
30,48,TX,Texas,898,1693,51259
30,41,OR,Oregon,887,1519,37299
30,38,ND,North Dakota,875,1722,46554
30,56,WY,Wyoming,722,1353,28975
30,12,FL,Florida,526,930,22394
30,49,UT,Utah,431,922,23486
30,32,NV,Nevada,382,694,18736
30,27,MN,Minnesota,380,623,15249
30,57,FR,Foreign,304,593,27790
30,13,GA,Georgia,293,460,11275
30,02,AK,Alaska,286,536,12942
30,46,SD,South Dakota,250,487,9357
30,36,NY,New York,232,350,16610
30,37,NC,North Carolina,224,387,8455
30,51,VA,Virginia,208,371,10742
30,55,WI,Wisconsin,205,386,8308
30,26,MI,Michigan,204,384,6962
30,17,IL,Illinois,199,323,7131
30,42,PA,Pennsylvania,180,323,6648
30,39,OH,Ohio,178,323,7411
30,40,OK,Oklahoma,162,350,8933
30,35,NM,New Mexico,156,270,6204
30,47,TN,Tennessee,148,285,14725
30,29,MO,Missouri,140,255,5194
30,15,HI,Hawaii,124,244,8355
30,31,NE,Nebraska,121,225,4754
30,19,IA,Iowa,117,229,4786
30,45,SC,South Carolina,110,242,4518
30,25,MA,Massachusetts,106,154,5312
30,20,KS,Kansas,105,217,4282
30,18,IN,Indiana,100,184,10270
30,22,LA,Louisiana,94,180,3926
30,05,AR,Arkansas,79,163,2760
30,01,AL,Alabama,77,142,2981
30,24,MD,Maryland,72,121,2879
30,21,KY,Kentucky,69,141,3786
30,28,MS,Mississippi,55,117,2945
30,23,ME,Maine,51,79,2566
30,34,NJ,New Jersey,48,77,1871
30,33,NH,New Hampshire,40,65,1864
30,09,CT,Connecticut,39,58,1528
30,11,DC,District Of Columbia,34,44,1817
30,54,WV,West Virginia,33,62,1797
30,50,VT,Vermont,30,57,1001
30,10,DE,Delaware,17,33,668
30,44,RI,Rhode Island,11,16,391
31,96,NE,NE Total Migration US and Foreign,22429,44275,1188597
31,97,NE,NE Total Migration US,22048,43416,1165128
31,98,NE,NE Total Migration Foreign,381,859,23469
31,31,NE,NE Non-migrants,672643,1506052,47032276
31,19,IA,Iowa,2939,5846,132639
31,08,CO,Colorado,1920,3550,97997
31,48,TX,Texas,1914,4024,105790
31,20,KS,Kansas,1316,2590,57802
31,06,CA,California,1285,2392,60125
31,12,FL,Florida,1092,2061,87771
31,29,MO,Missouri,1041,2020,50707
31,46,SD,South Dakota,969,1898,47966
31,04,AZ,Arizona,892,1658,48782
31,27,MN,Minnesota,720,1402,42249
31,17,IL,Illinois,656,1208,34400
31,56,WY,Wyoming,457,883,20182
31,53,WA,Washington,446,913,25111
31,13,GA,Georgia,386,825,21273
31,57,FR,Foreign,381,859,23469
31,37,NC,North Carolina,360,736,18871
31,51,VA,Virginia,359,805,23053
31,40,OK,Oklahoma,348,739,16272
31,39,OH,Ohio,300,599,15251
31,36,NY,New York,297,515,13098
31,55,WI,Wisconsin,280,610,16130
31,32,NV,Nevada,278,562,42947
31,41,OR,Oregon,272,493,12272
31,26,MI,Michigan,270,576,13801
31,47,TN,Tennessee,251,487,12342
31,05,AR,Arkansas,221,420,9426
31,38,ND,North Dakota,206,406,9563
31,18,IN,Indiana,205,417,10319
31,42,PA,Pennsylvania,191,377,11081
31,49,UT,Utah,179,405,10514
31,24,MD,Maryland,177,328,7439
31,22,LA,Louisiana,171,343,8927
31,30,MT,Montana,156,315,5933
31,16,ID,Idaho,156,340,8674
31,45,SC,South Carolina,154,284,9171
31,35,NM,New Mexico,149,299,6092
31,01,AL,Alabama,143,335,8138
31,21,KY,Kentucky,134,269,6989
31,34,NJ,New Jersey,113,227,7250
31,25,MA,Massachusetts,112,185,6044
31,28,MS,Mississippi,105,229,3652
31,15,HI,Hawaii,83,166,3562
31,02,AK,Alaska,82,180,3006
31,09,CT,Connecticut,59,121,3105
31,11,DC,District Of Columbia,43,65,2321
31,23,ME,Maine,41,83,1543
31,54,WV,West Virginia,40,67,1703
31,33,NH,New Hampshire,33,66,1745
31,10,DE,Delaware,21,46,1060
31,50,VT,Vermont,17,31,584
31,44,RI,Rhode Island,9,20,454
32,96,NV,NV Total Migration US and Foreign,55082,104841,2780756
32,97,NV,NV Total Migration US,54031,102805,2716137
32,98,NV,NV Total Migration Foreign,1051,2036,64618
32,32,NV,NV Non-migrants,981553,2139544,64662700
32,06,CA,California,14995,28419,656059
32,12,FL,Florida,4107,6888,248201
32,48,TX,Texas,4094,8134,213751
32,04,AZ,Arizona,3521,6939,172550
32,53,WA,Washington,2404,4604,118667
32,49,UT,Utah,2278,5230,107004
32,08,CO,Colorado,1789,3410,148759
32,41,OR,Oregon,1631,3078,77196
32,36,NY,New York,1220,1940,50480
32,17,IL,Illinois,1125,1968,56639
32,57,FR,Foreign,1051,2036,64618
32,16,ID,Idaho,1047,2288,52406
32,13,GA,Georgia,874,1553,33866
32,26,MI,Michigan,841,1549,33096
32,39,OH,Ohio,840,1503,37485
32,51,VA,Virginia,778,1657,49624
32,37,NC,North Carolina,776,1470,36400
32,15,HI,Hawaii,736,1363,29907
32,35,NM,New Mexico,733,1499,37926
32,42,PA,Pennsylvania,714,1304,25152
32,29,MO,Missouri,574,1075,36682
32,47,TN,Tennessee,543,1044,26399
32,40,OK,Oklahoma,528,1060,24045
32,27,MN,Minnesota,480,860,23803
32,55,WI,Wisconsin,473,832,67778
32,18,IN,Indiana,462,830,6830
32,34,NJ,New Jersey,456,826,24934
32,30,MT,Montana,441,884,24120
32,24,MD,Maryland,432,830,22033
32,45,SC,South Carolina,380,726,17354
32,56,WY,Wyoming,379,745,28267
32,25,MA,Massachusetts,379,628,28289
32,22,LA,Louisiana,378,747,15773
32,20,KS,Kansas,343,675,22768
32,02,AK,Alaska,337,625,13651
32,31,NE,Nebraska,313,623,14799
32,19,IA,Iowa,309,567,11750
32,05,AR,Arkansas,305,578,15748
32,01,AL,Alabama,291,612,14235
32,38,ND,North Dakota,290,632,13279
32,21,KY,Kentucky,258,478,16216
32,46,SD,South Dakota,229,424,11545
32,28,MS,Mississippi,207,431,10051
32,09,CT,Connecticut,187,310,16294
32,33,NH,New Hampshire,111,194,4062
32,54,WV,West Virginia,96,187,4919
32,11,DC,District Of Columbia,82,108,3977
32,23,ME,Maine,81,133,3456
32,44,RI,Rhode Island,72,122,2836
32,10,DE,Delaware,63,130,2748
32,50,VT,Vermont,49,93,2326
33,96,NH,NH Total Migration US and Foreign,22896,38264,1298190
33,97,NH,NH Total Migration US,22506,37551,1271753
33,98,NH,NH Total Migration Foreign,390,713,26437
33,33,NH,NH Non-migrants,520435,1071227,39762002
33,25,MA,Massachusetts,6156,9593,346830
33,12,FL,Florida,2715,4721,174270
33,23,ME,Maine,2050,3448,91057
33,50,VT,Vermont,1276,2124,53646
33,36,NY,New York,1026,1544,48928
33,06,CA,California,1005,1519,72017
33,48,TX,Texas,892,1639,53721
33,37,NC,North Carolina,683,1336,42604
33,09,CT,Connecticut,552,858,37315
33,51,VA,Virginia,506,969,32380
33,42,PA,Pennsylvania,442,722,28716
33,08,CO,Colorado,401,596,21289
33,57,FR,Foreign,390,713,26437
33,45,SC,South Carolina,367,697,21796
33,44,RI,Rhode Island,331,541,17330
33,04,AZ,Arizona,322,557,17463
33,34,NJ,New Jersey,318,546,18177
33,13,GA,Georgia,292,569,18502
33,53,WA,Washington,270,442,16023
33,39,OH,Ohio,212,405,12902
33,17,IL,Illinois,210,354,13357
33,24,MD,Maryland,207,362,13308
33,47,TN,Tennessee,202,360,10506
33,26,MI,Michigan,159,296,9066
33,41,OR,Oregon,147,242,6899
33,32,NV,Nevada,138,228,9143
33,27,MN,Minnesota,104,204,8150
33,29,MO,Missouri,103,176,4007
33,49,UT,Utah,101,200,6201
33,18,IN,Indiana,100,196,6126
33,21,KY,Kentucky,99,184,4531
33,55,WI,Wisconsin,88,157,4212
33,01,AL,Alabama,86,143,4027
33,02,AK,Alaska,85,146,2988
33,22,LA,Louisiana,77,132,2771
33,40,OK,Oklahoma,74,151,4315
33,11,DC,District Of Columbia,74,92,6531
33,35,NM,New Mexico,72,110,3919
33,20,KS,Kansas,68,123,2857
33,19,IA,Iowa,66,111,2613
33,15,HI,Hawaii,60,97,2380
33,30,MT,Montana,50,78,2218
33,31,NE,Nebraska,46,87,2480
33,16,ID,Idaho,43,63,3690
33,10,DE,Delaware,42,67,2108
33,05,AR,Arkansas,38,84,1805
33,54,WV,West Virginia,35,72,1402
33,56,WY,Wyoming,34,65,1213
33,46,SD,South Dakota,33,63,1829
33,28,MS,Mississippi,28,50,1379
33,38,ND,North Dakota,21,32,756
34,96,NJ,NJ Total Migration US and Foreign,109843,197820,9070572
34,97,NJ,NJ Total Migration US,106749,191156,8717719
34,98,NJ,NJ Total Migration Foreign,3094,6664,352853
34,34,NJ,NJ Non-migrants,3310234,7225041,299632236
34,36,NY,New York,23464,37736,2130693
34,42,PA,Pennsylvania,15492,27143,1081548
34,12,FL,Florida,15050,27875,1454273
34,06,CA,California,6137,10885,558403
34,48,TX,Texas,5389,10737,406795
34,37,NC,North Carolina,4796,9605,315821
34,51,VA,Virginia,3938,7305,264558
34,13,GA,Georgia,3136,6374,188570
34,24,MD,Maryland,3135,5671,227067
34,57,FR,Foreign,3094,6664,352853
34,25,MA,Massachusetts,2803,4807,254323
34,45,SC,South Carolina,2266,4356,190003
34,09,CT,Connecticut,1975,3562,229694
34,10,DE,Delaware,1948,3560,121173
34,17,IL,Illinois,1851,3401,158898
34,39,OH,Ohio,1324,2600,112016
34,04,AZ,Arizona,1256,2322,102399
34,08,CO,Colorado,1149,2013,107666
34,53,WA,Washington,956,1810,88029
34,47,TN,Tennessee,933,1857,62473
34,26,MI,Michigan,808,1538,72555
34,32,NV,Nevada,705,1227,54913
34,18,IN,Indiana,566,1096,41291
34,11,DC,District Of Columbia,543,640,32161
34,29,MO,Missouri,483,898,32871
34,33,NH,New Hampshire,457,813,36490
34,27,MN,Minnesota,413,793,31563
34,01,AL,Alabama,406,787,20184
34,44,RI,Rhode Island,394,682,25188
34,55,WI,Wisconsin,384,716,28033
34,22,LA,Louisiana,383,727,21061
34,23,ME,Maine,381,626,24797
34,41,OR,Oregon,374,624,27043
34,21,KY,Kentucky,335,610,18849
34,15,HI,Hawaii,335,570,16287
34,50,VT,Vermont,316,526,28520
34,49,UT,Utah,286,551,29412
34,54,WV,West Virginia,282,502,13720
34,20,KS,Kansas,275,528,18789
34,40,OK,Oklahoma,218,451,14577
34,19,IA,Iowa,195,398,11625
34,05,AR,Arkansas,183,371,11851
34,35,NM,New Mexico,181,305,9471
34,28,MS,Mississippi,173,332,8445
34,02,AK,Alaska,124,215,4082
34,31,NE,Nebraska,121,246,7960
34,30,MT,Montana,94,158,6179
34,38,ND,North Dakota,92,167,4168
34,16,ID,Idaho,87,175,5506
34,46,SD,South Dakota,84,154,3862
34,56,WY,Wyoming,73,111,1863
35,96,NM,NM Total Migration US and Foreign,33354,68030,1641222
35,97,NM,NM Total Migration US,32612,66442,1602949
35,98,NM,NM Total Migration Foreign,742,1588,38273
35,35,NM,NM Non-migrants,702730,1531345,38776184
35,48,TX,Texas,7672,16986,365201
35,04,AZ,Arizona,4108,8926,175228
35,08,CO,Colorado,3043,5867,147582
35,06,CA,California,2995,5361,142363
35,12,FL,Florida,1520,2986,86031
35,53,WA,Washington,969,1840,56055
35,32,NV,Nevada,751,1503,37008
35,57,FR,Foreign,742,1588,38273
35,40,OK,Oklahoma,710,1562,30385
35,41,OR,Oregon,693,1321,44488
35,49,UT,Utah,586,1368,26692
35,13,GA,Georgia,548,1147,24479
35,51,VA,Virginia,546,1168,35587
35,36,NY,New York,515,848,28070
35,37,NC,North Carolina,486,1001,24551
35,17,IL,Illinois,461,785,24648
35,39,OH,Ohio,410,800,20118
35,29,MO,Missouri,385,826,17962
35,42,PA,Pennsylvania,372,699,18137
35,20,KS,Kansas,366,798,15110
35,26,MI,Michigan,331,633,14561
35,47,TN,Tennessee,326,654,16871
35,27,MN,Minnesota,295,556,16971
35,24,MD,Maryland,290,549,17365
35,22,LA,Louisiana,258,537,11344
35,16,ID,Idaho,256,560,13973
35,25,MA,Massachusetts,254,424,15061
35,18,IN,Indiana,237,483,10396
35,55,WI,Wisconsin,234,403,9758
35,02,AK,Alaska,228,457,10709
35,45,SC,South Carolina,219,428,11257
35,56,WY,Wyoming,214,422,12839
35,05,AR,Arkansas,207,450,9743
35,15,HI,Hawaii,201,392,10174
35,30,MT,Montana,194,379,9968
35,01,AL,Alabama,192,447,9767
35,31,NE,Nebraska,179,385,7388
35,19,IA,Iowa,154,276,5920
35,34,NJ,New Jersey,147,262,6345
35,46,SD,South Dakota,145,315,6804
35,09,CT,Connecticut,134,220,13677
35,21,KY,Kentucky,133,261,6373
35,28,MS,Mississippi,117,245,5225
35,38,ND,North Dakota,111,225,5839
35,23,ME,Maine,85,135,4015
35,11,DC,District Of Columbia,84,113,6518
35,33,NH,New Hampshire,66,99,3185
35,54,WV,West Virginia,60,131,3557
35,10,DE,Delaware,49,99,1848
35,50,VT,Vermont,48,68,1606
35,44,RI,Rhode Island,28,42,4194
36,96,NY,NY Total Migration US and Foreign,219652,386395,17280692
36,97,NY,NY Total Migration US,212281,372677,16374975
36,98,NY,NY Total Migration Foreign,7371,13718,905717
36,36,NY,NY Non-migrants,7314046,15007737,627625761
36,12,FL,Florida,32672,57766,2652738
36,34,NJ,New Jersey,30031,53959,3238774
36,06,CA,California,18107,27211,1704313
36,42,PA,Pennsylvania,14707,27459,760940
36,48,TX,Texas,12676,23044,793211
36,09,CT,Connecticut,10882,19705,1390226
36,37,NC,North Carolina,10498,19962,584405
36,25,MA,Massachusetts,8804,13363,662332
36,51,VA,Virginia,7813,13960,438318
36,57,FR,Foreign,7371,13718,905717
36,13,GA,Georgia,7323,14208,365205
36,24,MD,Maryland,5310,9182,313529
36,45,SC,South Carolina,4538,8542,297420
36,17,IL,Illinois,4421,7091,409844
36,39,OH,Ohio,3790,6880,224434
36,08,CO,Colorado,3069,4869,233251
36,04,AZ,Arizona,2921,4934,212873
36,53,WA,Washington,2912,4903,238057
36,26,MI,Michigan,2509,4590,161426
36,47,TN,Tennessee,2437,4432,126189
36,11,DC,District Of Columbia,1747,2156,152559
36,32,NV,Nevada,1624,2676,114188
36,50,VT,Vermont,1433,2236,97345
36,41,OR,Oregon,1344,2073,77481
36,33,NH,New Hampshire,1334,2275,92939
36,29,MO,Missouri,1284,2382,69366
36,18,IN,Indiana,1283,2495,63364
36,22,LA,Louisiana,1246,2128,51602
36,44,RI,Rhode Island,1221,2068,73208
36,27,MN,Minnesota,1195,2047,69669
36,01,AL,Alabama,1166,2267,53756
36,21,KY,Kentucky,1127,2193,50300
36,10,DE,Delaware,1084,2012,67294
36,23,ME,Maine,1067,1755,69464
36,55,WI,Wisconsin,1066,1803,59800
36,15,HI,Hawaii,908,1562,52532
36,40,OK,Oklahoma,752,1436,30349
36,20,KS,Kansas,743,1580,41602
36,49,UT,Utah,725,1312,52940
36,35,NM,New Mexico,650,1056,48613
36,19,IA,Iowa,533,1003,26200
36,28,MS,Mississippi,483,957,22238
36,05,AR,Arkansas,481,938,22692
36,54,WV,West Virginia,469,861,19827
36,02,AK,Alaska,377,630,13635
36,31,NE,Nebraska,327,595,14633
36,30,MT,Montana,272,462,13550
36,16,ID,Idaho,269,537,11819
36,56,WY,Wyoming,257,445,17889
36,46,SD,South Dakota,203,360,9337
36,38,ND,North Dakota,191,317,7299
37,96,NC,NC Total Migration US and Foreign,121648,248951,6226944
37,97,NC,NC Total Migration US,118433,241677,6043315
37,98,NC,NC Total Migration Foreign,3215,7274,183629
37,37,NC,NC Non-migrants,3251355,7310876,200716400
37,12,FL,Florida,13741,27249,760968
37,45,SC,South Carolina,13319,27605,705625
37,51,VA,Virginia,11255,23279,536842
37,48,TX,Texas,8101,18008,427539
37,13,GA,Georgia,7960,16686,380344
37,06,CA,California,6343,12835,320075
37,36,NY,New York,6110,10892,290336
37,42,PA,Pennsylvania,4111,7737,210571
37,47,TN,Tennessee,4056,8625,204407
37,39,OH,Ohio,3551,7074,170778
37,24,MD,Maryland,3364,6586,156028
37,57,FR,Foreign,3215,7274,183629
37,34,NJ,New Jersey,2456,4802,110057
37,17,IL,Illinois,2297,4465,128555
37,26,MI,Michigan,2234,4500,98220
37,08,CO,Colorado,2195,4484,122124
37,53,WA,Washington,1968,4124,113555
37,25,MA,Massachusetts,1730,3053,87631
37,01,AL,Alabama,1653,3679,73801
37,04,AZ,Arizona,1538,3301,172051
37,18,IN,Indiana,1465,3004,67145
37,21,KY,Kentucky,1447,3182,76933
37,29,MO,Missouri,1305,2780,60002
37,22,LA,Louisiana,1303,3066,64447
37,54,WV,West Virginia,1105,2265,42870
37,09,CT,Connecticut,1000,1907,47882
37,55,WI,Wisconsin,855,1747,46390
37,40,OK,Oklahoma,849,1869,38000
37,27,MN,Minnesota,808,1666,47891
37,20,KS,Kansas,782,1800,36632
37,32,NV,Nevada,759,1510,32574
37,11,DC,District Of Columbia,737,1017,33187
37,28,MS,Mississippi,735,1541,31450
37,15,HI,Hawaii,728,1762,31384
37,41,OR,Oregon,693,1286,32734
37,05,AR,Arkansas,650,1485,30972
37,02,AK,Alaska,541,1321,20245
37,19,IA,Iowa,515,1089,24123
37,49,UT,Utah,492,1137,30580
37,10,DE,Delaware,437,857,23198
37,35,NM,New Mexico,430,832,19069
37,33,NH,New Hampshire,409,780,20176
37,23,ME,Maine,409,853,21535
37,31,NE,Nebraska,302,653,14574
37,44,RI,Rhode Island,298,578,14205
37,16,ID,Idaho,278,608,13527
37,30,MT,Montana,264,464,13672
37,50,VT,Vermont,260,465,13063
37,38,ND,North Dakota,230,459,9157
37,46,SD,South Dakota,188,353,8121
37,56,WY,Wyoming,177,357,8071
38,96,ND,ND Total Migration US and Foreign,14017,26085,729960
38,97,ND,ND Total Migration US,13737,25526,718109
38,98,ND,ND Total Migration Foreign,280,559,11851
38,38,ND,ND Non-migrants,262913,549746,22215698
38,27,MN,Minnesota,3977,6784,178004
38,48,TX,Texas,803,1650,48183
38,46,SD,South Dakota,776,1470,39785
38,30,MT,Montana,737,1374,46822
38,08,CO,Colorado,625,1133,35452
38,04,AZ,Arizona,578,1014,40028
38,06,CA,California,538,986,23190
38,53,WA,Washington,454,858,22983
38,12,FL,Florida,453,865,27891
38,55,WI,Wisconsin,318,623,16403
38,57,FR,Foreign,280,559,11851
38,16,ID,Idaho,272,567,14563
38,26,MI,Michigan,251,495,11046
38,13,GA,Georgia,250,464,9493
38,56,WY,Wyoming,247,493,15775
38,41,OR,Oregon,211,344,8533
38,31,NE,Nebraska,199,407,9857
38,19,IA,Iowa,195,399,11087
38,49,UT,Utah,194,456,11243
38,17,IL,Illinois,191,303,13712
38,32,NV,Nevada,182,360,10644
38,29,MO,Missouri,160,321,6681
38,40,OK,Oklahoma,157,339,9948
38,51,VA,Virginia,152,296,7989
38,37,NC,North Carolina,142,269,6994
38,20,KS,Kansas,142,259,7705
38,39,OH,Ohio,133,289,6478
38,42,PA,Pennsylvania,117,237,7134
38,22,LA,Louisiana,110,253,7476
38,36,NY,New York,104,180,5143
38,02,AK,Alaska,104,171,4600
38,47,TN,Tennessee,103,190,8959
38,18,IN,Indiana,92,174,3774
38,35,NM,New Mexico,87,185,6791
38,01,AL,Alabama,82,175,3349
38,45,SC,South Carolina,80,163,3445
38,24,MD,Maryland,78,160,3969
38,05,AR,Arkansas,73,162,5763
38,21,KY,Kentucky,60,101,2418
38,28,MS,Mississippi,56,120,2739
38,34,NJ,New Jersey,45,80,2445
38,25,MA,Massachusetts,43,61,1473
38,15,HI,Hawaii,33,56,1079
38,09,CT,Connecticut,25,37,1153
38,23,ME,Maine,23,46,810
38,33,NH,New Hampshire,21,39,1458
38,11,DC,District Of Columbia,19,32,861
38,10,DE,Delaware,16,37,1435
38,54,WV,West Virginia,12,20,837
38,44,RI,Rhode Island,9,20,306
38,50,VT,Vermont,8,9,203
39,96,OH,OH Total Migration US and Foreign,97920,181113,5898084
39,97,OH,OH Total Migration US,95979,177228,5767322
39,98,OH,OH Total Migration Foreign,1941,3885,130762
39,39,OH,OH Non-migrants,4313334,8999600,267096263
39,12,FL,Florida,12471,22692,1031808
39,21,KY,Kentucky,6611,12333,293940
39,48,TX,Texas,6366,12552,389222
39,26,MI,Michigan,5523,10464,310699
39,06,CA,California,5162,8586,314920
39,18,IN,Indiana,5090,9707,251679
39,37,NC,North Carolina,4679,9009,275803
39,42,PA,Pennsylvania,4662,8414,274031
39,13,GA,Georgia,3868,7623,189900
39,17,IL,Illinois,3647,6146,227793
39,36,NY,New York,3328,5365,170876
39,51,VA,Virginia,2949,5606,181519
39,47,TN,Tennessee,2879,5574,152068
39,54,WV,West Virginia,2743,5261,96096
39,45,SC,South Carolina,2548,4890,192436
39,04,AZ,Arizona,2417,4372,163813
39,08,CO,Colorado,2019,3437,135273
39,57,FR,Foreign,1941,3885,130762
39,24,MD,Maryland,1505,2658,79617
39,53,WA,Washington,1383,2483,82863
39,25,MA,Massachusetts,1184,1979,85295
39,29,MO,Missouri,1128,2152,77036
39,34,NJ,New Jersey,1116,2052,79573
39,01,AL,Alabama,1078,2156,49847
39,55,WI,Wisconsin,1027,2015,63619
39,32,NV,Nevada,958,1705,55413
39,27,MN,Minnesota,853,1577,56989
39,22,LA,Louisiana,710,1316,38450
39,40,OK,Oklahoma,654,1373,36120
39,20,KS,Kansas,632,1258,35969
39,41,OR,Oregon,621,1066,34753
39,09,CT,Connecticut,517,916,42314
39,19,IA,Iowa,489,930,26716
39,35,NM,New Mexico,461,846,22906
39,05,AR,Arkansas,451,928,22728
39,49,UT,Utah,448,963,29910
39,28,MS,Mississippi,436,858,20754
39,11,DC,District Of Columbia,425,515,22168
39,15,HI,Hawaii,417,753,18532
39,31,NE,Nebraska,289,571,14240
39,02,AK,Alaska,273,510,10536
39,30,MT,Montana,237,418,10577
39,38,ND,North Dakota,235,448,9654
39,16,ID,Idaho,231,500,11214
39,33,NH,New Hampshire,229,404,21868
39,10,DE,Delaware,207,377,11657
39,23,ME,Maine,192,366,14372
39,46,SD,South Dakota,188,337,8256
39,56,WY,Wyoming,169,321,5985
39,44,RI,Rhode Island,150,245,7588
39,50,VT,Vermont,124,201,7923
40,96,OK,OK Total Migration US and Foreign,42100,86878,2126858
40,97,OK,OK Total Migration US,41075,84696,2077525
40,98,OK,OK Total Migration Foreign,1025,2182,49332
40,40,OK,OK Non-migrants,1214589,2748589,81351968
40,48,TX,Texas,11287,23137,691106
40,05,AR,Arkansas,2728,6004,96848
40,06,CA,California,2541,4766,86542
40,20,KS,Kansas,2338,4952,96407
40,12,FL,Florida,2122,4252,118465
40,29,MO,Missouri,1878,3898,79234
40,08,CO,Colorado,1745,3446,105211
40,04,AZ,Arizona,1032,2154,47661
40,57,FR,Foreign,1025,2182,49332
40,13,GA,Georgia,1002,2218,59085
40,53,WA,Washington,897,1863,40010
40,37,NC,North Carolina,808,1741,39824
40,17,IL,Illinois,756,1532,37946
40,22,LA,Louisiana,711,1470,29844
40,51,VA,Virginia,688,1511,36391
40,47,TN,Tennessee,676,1474,30364
40,36,NY,New York,646,1161,25002
40,39,OH,Ohio,579,1217,27226
40,35,NM,New Mexico,576,1192,24072
40,26,MI,Michigan,532,1056,21169
40,42,PA,Pennsylvania,455,884,30297
40,18,IN,Indiana,449,950,18011
40,32,NV,Nevada,448,901,27851
40,41,OR,Oregon,417,825,15832
40,01,AL,Alabama,404,908,20923
40,45,SC,South Carolina,403,893,22250
40,21,KY,Kentucky,365,770,13571
40,27,MN,Minnesota,339,671,17041
40,19,IA,Iowa,338,688,14226
40,49,UT,Utah,333,808,22411
40,31,NE,Nebraska,323,717,13145
40,24,MD,Maryland,315,632,17782
40,28,MS,Mississippi,312,640,11066
40,55,WI,Wisconsin,296,591,13134
40,02,AK,Alaska,275,625,16012
40,15,HI,Hawaii,248,571,12860
40,34,NJ,New Jersey,227,439,10348
40,56,WY,Wyoming,198,427,11208
40,16,ID,Idaho,194,413,8698
40,25,MA,Massachusetts,187,318,10926
40,30,MT,Montana,172,390,16017
40,38,ND,North Dakota,164,278,7575
40,46,SD,South Dakota,159,320,6512
40,54,WV,West Virginia,107,227,6395
40,09,CT,Connecticut,107,198,6139
40,23,ME,Maine,68,125,2681
40,33,NH,New Hampshire,60,123,3839
40,11,DC,District Of Columbia,59,102,3118
40,10,DE,Delaware,42,76,2179
40,44,RI,Rhode Island,38,89,2182
40,50,VT,Vermont,31,53,889
41,96,OR,OR Total Migration US and Foreign,50876,94092,2582834
41,97,OR,OR Total Migration US,49891,92223,2530722
41,98,OR,OR Total Migration Foreign,985,1869,52112
41,41,OR,OR Non-migrants,1356178,2902471,86814526
41,53,WA,Washington,12842,24837,671724
41,06,CA,California,9882,17593,514539
41,04,AZ,Arizona,2705,4970,127219
41,48,TX,Texas,2395,4660,124148
41,16,ID,Idaho,2321,4768,95480
41,08,CO,Colorado,1675,3011,84233
41,32,NV,Nevada,1506,2775,72517
41,12,FL,Florida,1422,2483,71180
41,57,FR,Foreign,985,1869,52112
41,36,NY,New York,960,1435,45078
41,49,UT,Utah,917,1917,45555
41,15,HI,Hawaii,863,1524,63907
41,30,MT,Montana,815,1417,35101
41,02,AK,Alaska,782,1357,30353
41,37,NC,North Carolina,613,1212,38489
41,17,IL,Illinois,612,1019,44679
41,51,VA,Virginia,555,1033,27270
41,27,MN,Minnesota,510,883,23763
41,13,GA,Georgia,481,872,25611
41,39,OH,Ohio,467,851,25483
41,26,MI,Michigan,444,754,19872
41,25,MA,Massachusetts,439,683,25571
41,42,PA,Pennsylvania,433,705,23363
41,29,MO,Missouri,430,851,18529
41,55,WI,Wisconsin,423,754,20666
41,38,ND,North Dakota,412,764,17359
41,35,NM,New Mexico,380,689,16678
41,47,TN,Tennessee,371,685,17211
41,40,OK,Oklahoma,345,685,23613
41,18,IN,Indiana,325,626,16902
41,56,WY,Wyoming,295,546,13273
41,24,MD,Maryland,289,491,13708
41,20,KS,Kansas,266,542,9915
41,19,IA,Iowa,265,506,11948
41,22,LA,Louisiana,252,404,9581
41,45,SC,South Carolina,250,482,11791
41,34,NJ,New Jersey,230,413,14545
41,05,AR,Arkansas,210,427,8705
41,31,NE,Nebraska,207,369,7553
41,21,KY,Kentucky,190,394,8998
41,01,AL,Alabama,166,294,8680
41,11,DC,District Of Columbia,139,168,6543
41,09,CT,Connecticut,136,230,6087
41,46,SD,South Dakota,135,229,7075
41,23,ME,Maine,121,190,4944
41,28,MS,Mississippi,95,178,4932
41,50,VT,Vermont,93,141,6501
41,33,NH,New Hampshire,87,163,4147
41,54,WV,West Virginia,58,106,2102
41,44,RI,Rhode Island,57,96,2635
41,10,DE,Delaware,25,41,968
42,96,PA,PA Total Migration US and Foreign,120310,214605,7443963
42,97,PA,PA Total Migration US,117702,209581,7266175
42,98,PA,PA Total Migration Foreign,2608,5024,177788
42,42,PA,PA Non-migrants,4851974,10110519,337710852
42,12,FL,Florida,13893,25209,1140397
42,34,NJ,New Jersey,13549,23285,830434
42,36,NY,New York,12214,20534,620991
42,24,MD,Maryland,7419,12632,391513
42,48,TX,Texas,6271,12183,443490
42,06,CA,California,6243,9977,395025
42,51,VA,Virginia,5904,10126,344388
42,37,NC,North Carolina,5581,10650,321405
42,39,OH,Ohio,5432,9870,274133
42,10,DE,Delaware,4273,8094,248252
42,13,GA,Georgia,3250,6406,184975
42,45,SC,South Carolina,2834,5455,191423
42,57,FR,Foreign,2608,5024,177788
42,25,MA,Massachusetts,2521,4147,181562
42,17,IL,Illinois,2129,3649,153933
42,04,AZ,Arizona,1970,3504,114226
42,08,CO,Colorado,1956,3253,124990
42,54,WV,West Virginia,1786,3223,84939
42,26,MI,Michigan,1622,3055,101790
42,47,TN,Tennessee,1606,3015,85582
42,53,WA,Washington,1464,2527,86424
42,09,CT,Connecticut,1404,2453,96031
42,18,IN,Indiana,1134,2314,73330
42,11,DC,District Of Columbia,856,1045,49637
42,29,MO,Missouri,854,1623,52608
42,21,KY,Kentucky,827,1613,43680
42,32,NV,Nevada,759,1316,36866
42,41,OR,Oregon,716,1113,37236
42,55,WI,Wisconsin,712,1352,38896
42,27,MN,Minnesota,708,1282,44177
42,22,LA,Louisiana,660,1234,40785
42,01,AL,Alabama,647,1248,35922
42,40,OK,Oklahoma,557,1056,31213
42,49,UT,Utah,465,960,47830
42,33,NH,New Hampshire,454,836,34605
42,20,KS,Kansas,447,907,24168
42,23,ME,Maine,439,791,27363
42,35,NM,New Mexico,428,746,22467
42,15,HI,Hawaii,426,754,27916
42,19,IA,Iowa,402,840,33920
42,44,RI,Rhode Island,371,599,20131
42,05,AR,Arkansas,334,692,19587
42,28,MS,Mississippi,317,629,14001
42,50,VT,Vermont,293,446,14238
42,02,AK,Alaska,283,485,12831
42,30,MT,Montana,265,495,15243
42,31,NE,Nebraska,235,466,13308
42,56,WY,Wyoming,219,387,8496
42,16,ID,Idaho,207,394,11141
42,46,SD,South Dakota,186,370,10867
42,38,ND,North Dakota,180,341,7808
44,96,RI,RI Total Migration US and Foreign,16075,27687,943989
44,97,RI,RI Total Migration US,15766,27017,924459
44,98,RI,RI Total Migration Foreign,309,670,19530
44,44,RI,RI Non-migrants,398640,802340,27254611
44,25,MA,Massachusetts,4710,7725,257055
44,12,FL,Florida,2106,3794,129305
44,09,CT,Connecticut,1136,1867,57817
44,36,NY,New York,1098,1632,56381
44,06,CA,California,771,1233,40259
44,48,TX,Texas,549,982,32744
44,51,VA,Virginia,478,1040,29322
44,37,NC,North Carolina,451,932,28444
44,33,NH,New Hampshire,369,630,23740
44,42,PA,Pennsylvania,358,615,18857
44,34,NJ,New Jersey,352,587,20208
44,57,FR,Foreign,309,670,19530
44,13,GA,Georgia,297,573,15190
44,24,MD,Maryland,271,440,13177
44,23,ME,Maine,221,367,13701
44,45,SC,South Carolina,200,381,13419
44,17,IL,Illinois,186,317,14388
44,53,WA,Washington,178,323,13905
44,08,CO,Colorado,175,307,13895
44,04,AZ,Arizona,169,310,10068
44,39,OH,Ohio,155,306,8175
44,47,TN,Tennessee,134,232,6267
44,50,VT,Vermont,123,196,6676
44,26,MI,Michigan,99,161,5025
44,15,HI,Hawaii,91,200,42502
44,41,OR,Oregon,87,127,3716
44,11,DC,District Of Columbia,86,104,6311
44,32,NV,Nevada,84,130,3527
44,22,LA,Louisiana,78,124,2988
44,18,IN,Indiana,67,117,3626
44,29,MO,Missouri,63,106,3312
44,27,MN,Minnesota,63,120,4288
44,21,KY,Kentucky,57,107,2411
44,01,AL,Alabama,53,108,2454
44,55,WI,Wisconsin,51,103,2161
44,49,UT,Utah,42,82,2058
44,35,NM,New Mexico,42,65,2518
44,10,DE,Delaware,38,65,1540
44,20,KS,Kansas,36,65,2720
44,40,OK,Oklahoma,29,51,1471
44,28,MS,Mississippi,29,51,1281
44,05,AR,Arkansas,27,46,922
44,31,NE,Nebraska,27,64,1213
44,19,IA,Iowa,26,39,776
44,54,WV,West Virginia,25,33,1138
44,30,MT,Montana,21,36,850
44,02,AK,Alaska,18,45,852
44,16,ID,Idaho,14,32,643
44,38,ND,North Dakota,11,23,377
44,46,SD,South Dakota,10,16,520
44,56,WY,Wyoming,5,8,267
45,96,SC,SC Total Migration US and Foreign,59898,118681,2747123
45,97,SC,SC Total Migration US,58531,115693,2666873
45,98,SC,SC Total Migration Foreign,1367,2988,80250
45,45,SC,SC Non-migrants,1581071,3489914,90088524
45,37,NC,North Carolina,11541,22695,501591
45,13,GA,Georgia,7507,15760,316745
45,12,FL,Florida,6482,12313,323092
45,48,TX,Texas,3261,6755,158914
45,51,VA,Virginia,3094,6240,144289
45,36,NY,New York,2522,4340,90861
45,06,CA,California,2115,4115,92547
45,47,TN,Tennessee,1791,3568,87859
45,39,OH,Ohio,1637,3195,75109
45,42,PA,Pennsylvania,1618,2974,72402
45,57,FR,Foreign,1367,2988,80250
45,24,MD,Maryland,1165,2149,50646
45,01,AL,Alabama,1034,2393,64480
45,26,MI,Michigan,980,1898,46275
45,34,NJ,New Jersey,959,1743,42099
45,53,WA,Washington,904,1882,44383
45,17,IL,Illinois,853,1628,43014
45,08,CO,Colorado,797,1545,38195
45,21,KY,Kentucky,724,1514,30683
45,25,MA,Massachusetts,687,1173,35230
45,18,IN,Indiana,663,1409,32963
45,22,LA,Louisiana,612,1261,30012
45,04,AZ,Arizona,611,1202,29169
45,29,MO,Missouri,540,1087,24843
45,09,CT,Connecticut,536,1028,26199
45,54,WV,West Virginia,502,944,22920
45,15,HI,Hawaii,384,779,15503
45,28,MS,Mississippi,378,786,17665
45,40,OK,Oklahoma,365,755,14505
45,55,WI,Wisconsin,343,702,15789
45,20,KS,Kansas,330,737,14388
45,32,NV,Nevada,310,635,12966
45,05,AR,Arkansas,286,645,14873
45,27,MN,Minnesota,270,523,11799
45,41,OR,Oregon,268,496,12962
45,02,AK,Alaska,230,512,8964
45,19,IA,Iowa,214,471,10416
45,33,NH,New Hampshire,209,390,8940
45,49,UT,Utah,198,412,10313
45,35,NM,New Mexico,195,365,8763
45,11,DC,District Of Columbia,183,242,7681
45,10,DE,Delaware,178,396,7716
45,23,ME,Maine,173,324,8747
45,44,RI,Rhode Island,137,235,6207
45,31,NE,Nebraska,130,276,5587
45,16,ID,Idaho,115,257,5084
45,50,VT,Vermont,106,172,6357
45,56,WY,Wyoming,104,203,3726
45,38,ND,North Dakota,104,202,3770
45,30,MT,Montana,98,198,5595
45,46,SD,South Dakota,88,169,4034
46,96,SD,SD Total Migration US and Foreign,14323,26334,697576
46,97,SD,SD Total Migration US,14083,25869,687925
46,98,SD,SD Total Migration Foreign,240,465,9651
46,46,SD,SD Non-migrants,304486,660312,20970077
46,27,MN,Minnesota,1710,3043,69684
46,12,FL,Florida,1464,2437,85054
46,19,IA,Iowa,929,1754,39518
46,48,TX,Texas,914,1759,46830
46,31,NE,Nebraska,838,1647,43230
46,38,ND,North Dakota,820,1551,37226
46,08,CO,Colorado,738,1275,31160
46,04,AZ,Arizona,659,1234,34745
46,06,CA,California,577,1025,21684
46,56,WY,Wyoming,491,913,45913
46,53,WA,Washington,301,564,14728
46,30,MT,Montana,294,550,14392
46,55,WI,Wisconsin,290,544,15251
46,29,MO,Missouri,260,487,13660
46,13,GA,Georgia,243,421,9111
46,57,FR,Foreign,240,465,9651
46,17,IL,Illinois,233,435,11539
46,32,NV,Nevada,225,384,14752
46,20,KS,Kansas,216,421,9329
46,37,NC,North Carolina,201,375,7700
46,40,OK,Oklahoma,188,368,4987
46,36,NY,New York,187,301,9792
46,26,MI,Michigan,185,365,9480
46,39,OH,Ohio,158,291,6763
46,51,VA,Virginia,156,316,8413
46,47,TN,Tennessee,151,287,7190
46,41,OR,Oregon,138,255,5827
46,35,NM,New Mexico,116,221,5245
46,02,AK,Alaska,112,212,4034
46,49,UT,Utah,110,216,4415
46,42,PA,Pennsylvania,104,182,4025
46,18,IN,Indiana,101,183,3544
46,16,ID,Idaho,96,215,4598
46,45,SC,South Carolina,95,177,4021
46,05,AR,Arkansas,86,193,3080
46,21,KY,Kentucky,78,143,2746
46,01,AL,Alabama,78,183,3204
46,22,LA,Louisiana,75,130,3060
46,24,MD,Maryland,73,126,2817
46,25,MA,Massachusetts,71,124,2654
46,34,NJ,New Jersey,56,105,12283
46,15,HI,Hawaii,46,85,2117
46,28,MS,Mississippi,42,84,1517
46,09,CT,Connecticut,41,60,1635
46,33,NH,New Hampshire,33,52,1072
46,54,WV,West Virginia,27,49,710
46,11,DC,District Of Columbia,24,26,1114
46,23,ME,Maine,21,47,1147
46,10,DE,Delaware,15,27,490
46,50,VT,Vermont,11,16,243
46,44,RI,Rhode Island,6,11,196
47,96,TN,TN Total Migration US and Foreign,79671,159925,4116911
47,97,TN,TN Total Migration US,78507,157474,4054366
47,98,TN,TN Total Migration Foreign,1164,2451,62545
47,47,TN,TN Non-migrants,2213171,4897674,133502614
47,12,FL,Florida,9068,17358,539135
47,13,GA,Georgia,7402,14843,330016
47,48,TX,Texas,6145,12725,317820
47,28,MS,Mississippi,5239,11265,193085
47,21,KY,Kentucky,4451,9465,186000
47,01,AL,Alabama,3839,7909,194284
47,37,NC,North Carolina,3785,7544,200291
47,06,CA,California,3403,6444,189424
47,51,VA,Virginia,3226,6576,146733
47,17,IL,Illinois,2300,4331,107432
47,39,OH,Ohio,2263,4573,118832
47,26,MI,Michigan,2098,4181,87772
47,18,IN,Indiana,1969,4041,113115
47,45,SC,South Carolina,1952,3956,128087
47,05,AR,Arkansas,1844,3882,75122
47,36,NY,New York,1816,3159,82553
47,29,MO,Missouri,1611,3313,113421
47,08,CO,Colorado,1355,2584,76340
47,42,PA,Pennsylvania,1291,2538,65176
47,22,LA,Louisiana,1273,2661,55106
47,57,FR,Foreign,1164,2451,62545
47,53,WA,Washington,1141,2294,74651
47,04,AZ,Arizona,1038,2054,58757
47,24,MD,Maryland,868,1627,41734
47,40,OK,Oklahoma,806,1773,33766
47,55,WI,Wisconsin,661,1357,50095
47,27,MN,Minnesota,608,1208,32325
47,34,NJ,New Jersey,598,1154,41546
47,25,MA,Massachusetts,590,1013,30476
47,20,KS,Kansas,576,1246,25172
47,32,NV,Nevada,535,1018,17641
47,41,OR,Oregon,438,805,20090
47,54,WV,West Virginia,416,839,15806
47,19,IA,Iowa,411,870,117889
47,15,HI,Hawaii,332,727,14449
47,09,CT,Connecticut,332,613,22642
47,49,UT,Utah,307,645,24130
47,35,NM,New Mexico,306,627,13233
47,31,NE,Nebraska,257,508,12085
47,02,AK,Alaska,236,510,9230
47,11,DC,District Of Columbia,224,289,9794
47,33,NH,New Hampshire,201,382,9439
47,30,MT,Montana,190,367,6442
47,56,WY,Wyoming,169,314,7505
47,23,ME,Maine,166,330,9781
47,38,ND,North Dakota,155,312,6239
47,46,SD,South Dakota,153,294,5815
47,16,ID,Idaho,151,341,9787
47,10,DE,Delaware,127,247,6113
47,44,RI,Rhode Island,103,194,4624
47,50,VT,Vermont,82,168,3367
48,96,TX,TX Total Migration US and Foreign,219416,442376,13433870
48,97,TX,TX Total Migration US,211036,424181,12709982
48,98,TX,TX Total Migration Foreign,8380,18195,723887
48,48,TX,TX Non-migrants,8560970,20049405,636191901
48,06,CA,California,22273,42764,1567637
48,12,FL,Florida,20324,37441,1272370
48,40,OK,Oklahoma,11028,23493,682635
48,22,LA,Louisiana,10568,21889,512670
48,08,CO,Colorado,9713,19938,689177
48,13,GA,Georgia,8798,18186,475146
48,57,FR,Foreign,8380,18195,723887
48,36,NY,New York,7268,12260,438293
48,04,AZ,Arizona,6825,14054,375914
48,37,NC,North Carolina,6600,14181,377603
48,51,VA,Virginia,6537,13769,421941
48,53,WA,Washington,6460,13375,386574
48,17,IL,Illinois,6416,12365,434170
48,35,NM,New Mexico,6220,13309,286126
48,05,AR,Arkansas,5767,12078,282691
48,47,TN,Tennessee,4888,10300,297720
48,29,MO,Missouri,4678,9547,256567
48,39,OH,Ohio,4626,9525,299714
48,26,MI,Michigan,4171,8413,209390
48,42,PA,Pennsylvania,3912,7520,273791
48,20,KS,Kansas,3779,8305,281380
48,24,MD,Maryland,3191,6395,186267
48,32,NV,Nevada,3183,6041,160130
48,01,AL,Alabama,3173,6870,176526
48,18,IN,Indiana,2991,6280,142076
48,28,MS,Mississippi,2750,5731,121240
48,45,SC,South Carolina,2729,5640,141996
48,34,NJ,New Jersey,2705,5167,200095
48,27,MN,Minnesota,2502,4996,164359
48,41,OR,Oregon,2478,4688,135937
48,25,MA,Massachusetts,2432,4355,201504
48,21,KY,Kentucky,2263,4981,116429
48,55,WI,Wisconsin,2163,4331,116260
48,49,UT,Utah,1965,4806,117306
48,15,HI,Hawaii,1913,4145,85948
48,19,IA,Iowa,1802,3585,89043
48,31,NE,Nebraska,1450,3104,69679
48,02,AK,Alaska,1359,2922,77219
48,09,CT,Connecticut,1186,2166,108249
48,16,ID,Idaho,1071,2414,53706
48,56,WY,Wyoming,1047,2030,57758
48,38,ND,North Dakota,784,1614,42356
48,30,MT,Montana,738,1448,45910
48,46,SD,South Dakota,735,1448,34837
48,11,DC,District Of Columbia,690,951,47559
48,33,NH,New Hampshire,635,1122,37193
48,54,WV,West Virginia,612,1240,33877
48,44,RI,Rhode Island,530,889,69776
48,23,ME,Maine,500,936,22110
48,10,DE,Delaware,395,770,20849
48,50,VT,Vermont,213,404,12281
49,96,UT,UT Total Migration US and Foreign,33575,76478,1762104
49,97,UT,UT Total Migration US,32891,74773,1721942
49,98,UT,UT Total Migration Foreign,684,1705,40162
49,49,UT,UT Non-migrants,883831,2348033,60732227
49,06,CA,California,4892,10534,241938
49,04,AZ,Arizona,2708,6386,133543
49,48,TX,Texas,2501,6054,139781
49,32,NV,Nevada,2359,5283,129287
49,16,ID,Idaho,2243,5491,104141
49,08,CO,Colorado,1935,4392,105805
49,53,WA,Washington,1796,4055,88305
49,12,FL,Florida,1208,2593,59005
49,41,OR,Oregon,1100,2402,50035
49,56,WY,Wyoming,967,2472,65035
49,51,VA,Virginia,716,1588,38612
49,57,FR,Foreign,684,1705,40162
49,36,NY,New York,637,1142,27180
49,13,GA,Georgia,544,1240,27660
49,17,IL,Illinois,531,1056,27605
49,37,NC,North Carolina,518,1221,29286
49,30,MT,Montana,513,1097,23801
49,35,NM,New Mexico,466,1141,20864
49,39,OH,Ohio,459,1061,23553
49,29,MO,Missouri,427,965,20222
49,42,PA,Pennsylvania,409,924,24686
49,15,HI,Hawaii,399,954,14372
49,26,MI,Michigan,355,720,17550
49,38,ND,North Dakota,327,835,17209
49,27,MN,Minnesota,319,684,23990
49,40,OK,Oklahoma,318,744,18812
49,47,TN,Tennessee,309,737,17229
49,24,MD,Maryland,305,679,18325
49,02,AK,Alaska,300,688,16232
49,25,MA,Massachusetts,284,538,14633
49,18,IN,Indiana,280,643,13491
49,55,WI,Wisconsin,270,582,14781
49,20,KS,Kansas,240,595,12857
49,31,NE,Nebraska,212,523,10514
49,19,IA,Iowa,210,489,7900
49,45,SC,South Carolina,202,476,10376
49,21,KY,Kentucky,188,488,11584
49,01,AL,Alabama,184,415,9733
49,34,NJ,New Jersey,183,391,12314
49,22,LA,Louisiana,174,404,6789
49,05,AR,Arkansas,168,404,25514
49,09,CT,Connecticut,133,317,16366
49,46,SD,South Dakota,118,291,7120
49,28,MS,Mississippi,110,329,7375
49,33,NH,New Hampshire,80,179,4032
49,54,WV,West Virginia,65,155,3693
49,23,ME,Maine,57,116,1826
49,50,VT,Vermont,55,88,2183
49,11,DC,District Of Columbia,50,76,2595
49,10,DE,Delaware,37,81,1321
49,44,RI,Rhode Island,30,55,881
50,96,VT,VT Total Migration US and Foreign,10213,16540,533481
50,97,VT,VT Total Migration US,10006,16155,520236
50,98,VT,VT Total Migration Foreign,207,385,13245
50,50,VT,VT Non-migrants,254197,501228,15566264
50,33,NH,New Hampshire,1294,2171,57655
50,36,NY,New York,1226,1869,55854
50,25,MA,Massachusetts,1114,1686,58768
50,12,FL,Florida,1006,1685,76536
50,06,CA,California,510,741,29700
50,23,ME,Maine,383,604,18284
50,37,NC,North Carolina,367,677,18798
50,09,CT,Connecticut,363,561,21932
50,08,CO,Colorado,307,447,14584
50,51,VA,Virginia,268,435,12909
50,42,PA,Pennsylvania,253,398,12117
50,48,TX,Texas,248,437,13112
50,57,FR,Foreign,207,385,13245
50,53,WA,Washington,173,291,8165
50,45,SC,South Carolina,173,294,8202
50,34,NJ,New Jersey,166,256,10934
50,13,GA,Georgia,161,268,7495
50,04,AZ,Arizona,157,278,7139
50,24,MD,Maryland,136,222,8548
50,41,OR,Oregon,123,173,4647
50,17,IL,Illinois,122,180,4875
50,47,TN,Tennessee,114,216,5598
50,39,OH,Ohio,112,200,5422
50,44,RI,Rhode Island,105,158,5258
50,26,MI,Michigan,87,163,4019
50,27,MN,Minnesota,79,130,4449
50,49,UT,Utah,76,149,3657
50,55,WI,Wisconsin,67,109,3952
50,18,IN,Indiana,66,115,2612
50,11,DC,District Of Columbia,62,72,3550
50,30,MT,Montana,61,88,2125
50,32,NV,Nevada,52,78,2350
50,35,NM,New Mexico,48,79,2429
50,29,MO,Missouri,46,74,3167
50,21,KY,Kentucky,44,89,2078
50,02,AK,Alaska,42,60,1863
50,22,LA,Louisiana,40,57,1025
50,01,AL,Alabama,38,68,1280
50,15,HI,Hawaii,35,63,1273
50,20,KS,Kansas,34,80,1402
50,19,IA,Iowa,29,43,1619
50,16,ID,Idaho,29,58,2169
50,40,OK,Oklahoma,28,56,1956
50,10,DE,Delaware,27,47,1273
50,05,AR,Arkansas,26,42,719
50,54,WV,West Virginia,25,42,710
50,56,WY,Wyoming,24,35,1662
50,28,MS,Mississippi,20,34,505
50,46,SD,South Dakota,17,32,1048
50,31,NE,Nebraska,14,26,503
50,38,ND,North Dakota,9,19,310
51,96,VA,VA Total Migration US and Foreign,131872,257928,9039036
51,97,VA,VA Total Migration US,126191,244688,8597307
51,98,VA,VA Total Migration Foreign,5681,13240,441729
51,51,VA,VA Non-migrants,2842633,6182546,231173179
51,24,MD,Maryland,13271,24092,815302
51,37,NC,North Carolina,13020,25994,750957
51,12,FL,Florida,12640,24823,1120840
51,48,TX,Texas,8179,17660,636534
51,06,CA,California,8164,15784,573251
51,36,NY,New York,5959,10146,375841
51,11,DC,District Of Columbia,5883,7728,467967
51,57,FR,Foreign,5681,13240,441729
51,13,GA,Georgia,5373,10985,328136
51,42,PA,Pennsylvania,5062,9340,343326
51,45,SC,South Carolina,3781,7536,250558
51,47,TN,Tennessee,3764,7588,202159
51,39,OH,Ohio,2959,6066,170759
51,54,WV,West Virginia,2779,5474,126749
51,34,NJ,New Jersey,2621,4868,168755
51,08,CO,Colorado,2562,5130,213902
51,17,IL,Illinois,2453,4590,162273
51,53,WA,Washington,2269,4731,190163
51,25,MA,Massachusetts,1930,3292,142999
51,26,MI,Michigan,1771,3521,114240
51,04,AZ,Arizona,1712,3470,126787
51,01,AL,Alabama,1463,3372,89003
51,21,KY,Kentucky,1237,2590,67794
51,18,IN,Indiana,1196,2404,76405
51,29,MO,Missouri,1120,2367,68044
51,22,LA,Louisiana,1102,2249,61612
51,15,HI,Hawaii,1101,2591,70483
51,09,CT,Connecticut,1075,2106,77976
51,32,NV,Nevada,904,1679,57076
51,10,DE,Delaware,828,1546,63735
51,41,OR,Oregon,792,1416,53538
51,55,WI,Wisconsin,783,1509,50582
51,27,MN,Minnesota,777,1506,55637
51,40,OK,Oklahoma,735,1681,46235
51,20,KS,Kansas,688,1657,39770
51,28,MS,Mississippi,677,1447,31271
51,49,UT,Utah,628,1466,72204
51,35,NM,New Mexico,557,1199,44435
51,05,AR,Arkansas,458,952,25778
51,02,AK,Alaska,453,956,23180
51,23,ME,Maine,443,803,31506
51,33,NH,New Hampshire,433,842,38124
51,44,RI,Rhode Island,423,904,28621
51,19,IA,Iowa,407,852,25146
51,31,NE,Nebraska,350,792,20027
51,16,ID,Idaho,322,763,20009
51,30,MT,Montana,267,540,20099
51,50,VT,Vermont,240,464,15899
51,56,WY,Wyoming,210,441,16919
51,46,SD,South Dakota,199,400,15801
51,38,ND,North Dakota,171,376,8899
53,96,WA,WA Total Migration US and Foreign,93456,183119,5530332
53,97,WA,WA Total Migration US,89720,175274,5233268
53,98,WA,WA Total Migration Foreign,3736,7845,297064
53,53,WA,WA Non-migrants,2504989,5452695,193312828
53,06,CA,California,16658,31558,1147401
53,41,OR,Oregon,11056,20134,540700
53,48,TX,Texas,6503,13974,428620
53,04,AZ,Arizona,5560,10545,332563
53,16,ID,Idaho,4507,9064,210825
53,12,FL,Florida,4319,8008,259338
53,57,FR,Foreign,3736,7845,297064
53,08,CO,Colorado,2831,5544,173732
53,32,NV,Nevada,2236,4261,123308
53,36,NY,New York,2209,3499,134440
53,51,VA,Virginia,2016,4525,122401
53,30,MT,Montana,1925,3588,89764
53,15,HI,Hawaii,1873,3811,87372
53,37,NC,North Carolina,1803,3871,107990
53,13,GA,Georgia,1767,3906,93291
53,02,AK,Alaska,1667,3046,75747
53,17,IL,Illinois,1596,2942,102565
53,49,UT,Utah,1590,3681,87291
53,26,MI,Michigan,1142,2212,57904
53,39,OH,Ohio,1068,2197,63093
53,42,PA,Pennsylvania,1023,1875,86470
53,27,MN,Minnesota,1017,1942,53747
53,47,TN,Tennessee,1004,2094,52975
53,29,MO,Missouri,975,2062,49328
53,25,MA,Massachusetts,940,1609,63536
53,24,MD,Maryland,904,1828,53907
53,45,SC,South Carolina,858,1986,49771
53,40,OK,Oklahoma,790,1719,34270
53,55,WI,Wisconsin,764,1441,40246
53,38,ND,North Dakota,764,1476,68997
53,35,NM,New Mexico,717,1303,39674
53,20,KS,Kansas,681,1548,34004
53,18,IN,Indiana,667,1419,38346
53,22,LA,Louisiana,640,1305,28632
53,34,NJ,New Jersey,590,1180,43875
53,21,KY,Kentucky,526,1215,25880
53,01,AL,Alabama,524,1124,26140
53,19,IA,Iowa,520,1090,25291
53,56,WY,Wyoming,475,928,20425
53,31,NE,Nebraska,403,787,21006
53,09,CT,Connecticut,393,781,28356
53,05,AR,Arkansas,383,819,15792
53,46,SD,South Dakota,346,672,15449
53,11,DC,District Of Columbia,296,430,18683
53,28,MS,Mississippi,273,583,11390
53,33,NH,New Hampshire,232,409,14156
53,23,ME,Maine,197,369,11315
53,44,RI,Rhode Island,159,293,7522
53,50,VT,Vermont,120,210,5630
53,54,WV,West Virginia,119,249,5467
53,10,DE,Delaware,94,162,4642
54,96,WV,WV Total Migration US and Foreign,20918,39464,941648
54,97,WV,WV Total Migration US,20732,39103,933432
54,98,WV,WV Total Migration Foreign,186,361,8215
54,54,WV,WV Non-migrants,623548,1334860,34147972
54,39,OH,Ohio,3306,6365,122910
54,51,VA,Virginia,2606,4980,75162
54,12,FL,Florida,1975,3641,128184
54,42,PA,Pennsylvania,1787,3108,82241
54,24,MD,Maryland,1617,2956,66038
54,37,NC,North Carolina,1434,2805,61984
54,21,KY,Kentucky,877,1760,38515
54,48,TX,Texas,819,1617,50205
54,45,SC,South Carolina,679,1259,36979
54,13,GA,Georgia,542,1075,22774
54,47,TN,Tennessee,516,1026,24485
54,06,CA,California,441,734,18215
54,36,NY,New York,370,633,13226
54,26,MI,Michigan,277,568,13038
54,18,IN,Indiana,263,548,21891
54,17,IL,Illinois,230,402,10171
54,01,AL,Alabama,212,442,11504
54,08,CO,Colorado,211,379,9691
54,57,FR,Foreign,186,361,8215
54,04,AZ,Arizona,186,342,9677
54,34,NJ,New Jersey,182,307,7052
54,29,MO,Missouri,166,333,7587
54,53,WA,Washington,153,267,6099
54,22,LA,Louisiana,150,277,7231
54,40,OK,Oklahoma,142,313,10019
54,25,MA,Massachusetts,127,210,6620
54,32,NV,Nevada,114,196,5922
54,28,MS,Mississippi,98,218,5091
54,10,DE,Delaware,96,168,3959
54,20,KS,Kansas,89,168,3571
54,55,WI,Wisconsin,82,159,3588
54,41,OR,Oregon,82,140,4043
54,05,AR,Arkansas,77,150,3360
54,49,UT,Utah,73,170,4620
54,27,MN,Minnesota,73,117,3629
54,11,DC,District Of Columbia,72,99,4544
54,19,IA,Iowa,59,121,3098
54,30,MT,Montana,55,120,2624
54,15,HI,Hawaii,54,109,1994
54,35,NM,New Mexico,53,102,2717
54,09,CT,Connecticut,51,83,2082
54,56,WY,Wyoming,49,96,2021
54,02,AK,Alaska,46,91,2439
54,33,NH,New Hampshire,42,82,1803
54,38,ND,North Dakota,38,77,1922
54,46,SD,South Dakota,36,66,1540
54,31,NE,Nebraska,33,50,1274
54,16,ID,Idaho,31,70,1489
54,23,ME,Maine,27,55,3271
54,50,VT,Vermont,20,31,907
54,44,RI,Rhode Island,14,18,428
55,96,WI,WI Total Migration US and Foreign,52097,95636,3066896
55,97,WI,WI Total Migration US,51147,93836,3014977
55,98,WI,WI Total Migration Foreign,950,1800,51919
55,55,WI,WI Non-migrants,2192045,4705542,144962372
55,27,MN,Minnesota,7442,12660,361319
55,17,IL,Illinois,7273,13203,363432
55,12,FL,Florida,4094,7370,436157
55,48,TX,Texas,3262,6626,186399
55,06,CA,California,3010,5129,178557
55,26,MI,Michigan,2242,4180,129037
55,04,AZ,Arizona,1994,3612,132682
55,08,CO,Colorado,1645,2704,78373
55,19,IA,Iowa,1424,2665,72755
55,37,NC,North Carolina,1171,2194,69065
55,18,IN,Indiana,1138,2321,56667
55,13,GA,Georgia,1133,2324,60616
55,53,WA,Washington,1063,1837,64140
55,36,NY,New York,1033,1649,54998
55,47,TN,Tennessee,970,1965,56891
55,57,FR,Foreign,950,1800,51919
55,39,OH,Ohio,931,1817,62125
55,29,MO,Missouri,927,1853,45651
55,51,VA,Virginia,813,1585,52571
55,42,PA,Pennsylvania,657,1278,39904
55,41,OR,Oregon,581,941,34431
55,32,NV,Nevada,550,912,30083
55,45,SC,South Carolina,526,1104,37731
55,38,ND,North Dakota,514,927,22967
55,25,MA,Massachusetts,461,753,34978
55,21,KY,Kentucky,429,878,20615
55,05,AR,Arkansas,403,828,20972
55,20,KS,Kansas,389,824,21259
55,24,MD,Maryland,380,662,20936
55,34,NJ,New Jersey,345,646,21667
55,40,OK,Oklahoma,336,679,14735
55,01,AL,Alabama,308,691,17821
55,31,NE,Nebraska,301,595,14875
55,49,UT,Utah,292,586,16366
55,28,MS,Mississippi,281,563,8358
55,30,MT,Montana,273,473,12506
55,46,SD,South Dakota,267,508,14983
55,35,NM,New Mexico,251,461,17171
55,22,LA,Louisiana,244,475,9564
55,02,AK,Alaska,234,425,9017
55,15,HI,Hawaii,231,389,21727
55,09,CT,Connecticut,222,390,17480
55,16,ID,Idaho,203,397,10632
55,11,DC,District Of Columbia,193,219,9141
55,56,WY,Wyoming,162,281,25226
55,10,DE,Delaware,162,527,5425
55,33,NH,New Hampshire,102,195,6550
55,23,ME,Maine,99,187,6780
55,54,WV,West Virginia,88,175,4038
55,50,VT,Vermont,56,100,3225
55,44,RI,Rhode Island,42,73,2379
56,96,WY,WY Total Migration US and Foreign,16277,30635,901528
56,97,WY,WY Total Migration US,16089,30295,892982
56,98,WY,WY Total Migration Foreign,188,340,8546
56,56,WY,WY Non-migrants,210979,454847,20001588
56,08,CO,Colorado,2310,4141,123164
56,12,FL,Florida,1596,2519,111216
56,48,TX,Texas,1214,2379,65162
56,30,MT,Montana,884,1703,43469
56,49,UT,Utah,882,2071,44028
56,06,CA,California,746,1371,39306
56,04,AZ,Arizona,651,1223,32413
56,16,ID,Idaho,603,1323,34746
56,46,SD,South Dakota,537,1006,24359
56,53,WA,Washington,491,867,27442
56,31,NE,Nebraska,443,872,20400
56,32,NV,Nevada,373,688,17824
56,38,ND,North Dakota,353,727,23487
56,41,OR,Oregon,329,650,13115
56,26,MI,Michigan,298,572,12000
56,13,GA,Georgia,276,484,11444
56,40,OK,Oklahoma,247,516,13276
56,36,NY,New York,210,327,64296
56,35,NM,New Mexico,204,404,11824
56,39,OH,Ohio,201,389,11660
56,17,IL,Illinois,201,321,7511
56,29,MO,Missouri,194,389,8911
56,57,FR,Foreign,188,340,8546
56,27,MN,Minnesota,179,345,8423
56,42,PA,Pennsylvania,177,321,8626
56,55,WI,Wisconsin,175,276,7138
56,37,NC,North Carolina,172,306,8949
56,33,NH,New Hampshire,171,309,4745
56,51,VA,Virginia,159,304,6200
56,20,KS,Kansas,159,345,8334
56,47,TN,Tennessee,146,303,7213
56,19,IA,Iowa,132,263,6352
56,34,NJ,New Jersey,131,236,5546
56,22,LA,Louisiana,127,267,6518
56,02,AK,Alaska,122,238,7291
56,18,IN,Indiana,117,218,4611
56,05,AR,Arkansas,110,220,5269
56,01,AL,Alabama,110,223,5400
56,25,MA,Massachusetts,92,135,3046
56,45,SC,South Carolina,90,182,4117
56,21,KY,Kentucky,82,156,3444
56,24,MD,Maryland,76,129,2898
56,28,MS,Mississippi,71,152,2871
56,54,WV,West Virginia,50,98,2376
56,15,HI,Hawaii,50,102,2111
56,23,ME,Maine,46,79,3585
56,09,CT,Connecticut,44,61,4496
56,50,VT,Vermont,26,39,1002
56,11,DC,District Of Columbia,17,24,953
56,10,DE,Delaware,12,19,386
56,44,RI,Rhode Island,3,3,25
