county,community
16079,0
40135,0
16073,0
16071,0
16077,0
16075,0
48093,0
06115,0
06111,0
06113,0
01129,3
46111,0
01087,2
02100,0
02105,0
01085,3
19159,1
39109,1
19155,0
39105,1
19157,1
39107,1
51061,2
39101,1
19153,1
39103,1
40029,0
01081,2
48025,0
22009,0
01121,3
22001,0
22003,0
22005,0
01123,3
22007,0
06029,0
46113,0
06021,0
40023,0
06023,0
06025,0
06027,0
40021,0
27171,1
51600,2
21101,1
21103,1
21105,3
21107,1
21109,1
32013,0
32011,0
51840,2
32017,0
32015,0
47081,3
32019,0
29055,1
26157,1
42055,2
26155,1
42057,2
12019,2
42051,2
26151,1
42053,2
12015,2
12017,2
12011,2
42059,2
12013,2
51115,2
51117,2
51111,2
51113,2
46003,0
46007,0
46005,0
17031,1
17033,1
17035,1
17037,1
05137,0
05135,0
05133,0
05131,0
46117,0
54027,2
12129,2
05003,0
26021,1
05001,0
26027,1
05007,0
26025,1
05005,0
12121,2
53025,0
05009,0
12125,2
12127,2
01025,3
01027,3
01021,3
01023,3
01029,2
37009,2
37007,2
37005,2
37003,2
37001,2
48365,0
36029,2
42129,2
48363,0
42125,2
42127,2
36027,2
42123,2
48235,0
48233,0
51065,2
48149,0
48419,0
48145,0
20097,0
48141,0
48143,0
01111,2
01113,2
01115,3
01117,3
01119,3
45061,2
13059,2
45065,2
45067,2
13053,2
48099,0
13057,2
13055,2
01045,3
40073,0
37177,2
37175,2
37173,2
37171,2
37179,2
54085,1
08051,0
54081,1
08055,0
08059,0
54089,1
31129,0
31127,0
31125,0
31123,0
31121,0
18149,1
29023,1
18141,1
18143,1
18145,1
18147,1
37127,2
37121,2
29109,0
29101,0
29103,0
37123,2
29105,0
29107,0
19181,1
55111,1
55113,1
55115,1
55117,1
48303,0
55119,1
34041,2
46013,0
48307,0
48305,0
47035,3
47037,3
47031,3
47033,3
02130,0
06107,0
06105,0
47039,3
06103,0
06101,0
46137,0
55029,1
19149,0
55025,1
19147,1
39173,1
19145,0
55021,1
46135,0
55023,1
19141,0
54083,1
19185,1
40141,0
22019,0
22013,0
22011,0
22017,0
22015,0
46129,0
06039,0
06033,0
06031,0
06037,0
46127,0
27143,1
16065,0
27141,1
16067,0
39001,1
16061,0
39003,1
16063,0
51610,2
51530,2
39009,1
16069,0
27173,1
21113,1
21111,1
21117,1
21115,1
56043,0
56041,0
56045,0
32005,0
32007,0
32001,0
32003,0
42021,2
26141,1
42023,2
26143,1
42025,2
26145,1
42027,2
12009,2
42029,2
12007,2
12005,2
12003,2
12001,2
51107,2
51105,3
51103,2
19171,1
51109,2
05109,0
05103,0
05101,0
05107,0
05105,0
13289,2
13287,2
51127,2
13285,2
13283,2
13281,2
30061,0
48219,0
48127,0
53039,0
30063,0
26039,1
05039,0
05037,0
12133,2
05035,3
53033,0
05033,0
53035,0
05031,0
53037,0
46097,0
48229,0
20089,0
20087,0
20085,0
30067,0
48221,0
20081,0
46091,0
01051,3
01053,3
01055,3
01057,3
01059,3
49041,0
36017,2
37019,2
13199,2
36013,2
36011,2
13193,2
37011,2
13191,2
37013,2
13197,2
37015,2
13195,2
37017,2
48311,0
48313,0
48315,0
48317,0
48319,0
48139,0
48429,0
48423,0
42121,2
48135,0
48425,0
13067,2
13179,2
13065,2
13063,2
55011,1
13061,2
47177,3
47069,3
13069,2
13265,2
13267,2
13261,2
13263,2
13269,2
45089,2
40089,0
48047,0
48217,0
48041,0
48043,0
40081,0
26153,1
40083,0
48049,0
40087,0
20065,0
55013,1
20067,0
37163,2
20061,0
37165,2
20063,0
37167,2
36079,2
20069,0
48351,0
08069,0
08067,0
08065,0
45081,2
08063,0
08061,0
31119,0
31113,0
31111,0
48211,0
08085,0
19037,1
08087,0
18159,1
08081,0
26159,1
08083,0
18153,1
18151,1
08089,0
18157,1
18155,1
19191,1
46009,0
29119,0
29113,1
29111,1
29117,0
29115,0
51033,2
27039,1
51031,2
54059,1
51036,2
51037,2
55103,1
55101,1
55107,1
55105,1
51119,2
55109,1
55069,1
48055,0
04012,0
02122,0
47025,3
47023,3
47021,3
12115,2
47029,3
29199,0
05139,0
19179,1
39169,1
55039,1
19173,0
51590,2
51041,2
55035,1
19177,1
55033,1
19175,1
39165,1
22027,0
22025,0
22023,0
22021,0
22029,3
38007,0
06007,0
06005,0
06003,0
06001,0
06009,0
51620,2
02016,0
02013,0
16011,0
39017,1
16013,0
39015,1
16015,0
27159,1
16017,0
39011,1
16019,0
27155,0
27157,1
27151,1
27153,1
22117,0
21129,1
21127,1
21125,1
21123,1
19081,1
53021,0
19087,1
46061,0
40001,0
12039,2
42031,2
46065,0
42037,2
46067,0
42035,2
12033,2
12031,2
42039,2
12037,2
40003,0
12035,2
51133,2
51131,2
51137,2
51135,2
40005,0
51139,2
19089,1
40007,0
06059,0
13299,2
22119,0
13291,2
13293,2
13295,3
13297,2
12107,2
12105,2
12103,2
12101,2
02240,0
12109,2
26049,1
05029,0
26041,1
05021,0
26043,1
05023,0
26045,1
05025,0
26047,1
05027,0
20099,0
19095,1
48239,0
20091,0
20093,0
20095,0
48231,0
01043,3
13187,2
13181,2
13183,2
01049,3
13189,2
36001,2
36003,2
36005,2
36007,2
36009,2
05115,0
05117,0
05111,0
05113,0
48309,0
05119,0
48435,0
48437,0
53029,0
48439,0
53027,0
48129,0
48123,0
48121,0
12123,2
48125,0
13071,2
13073,2
13075,2
13077,2
13079,2
13277,2
13275,2
13273,2
13271,2
45087,2
45085,2
45083,2
13279,2
18099,1
18093,1
18091,1
18097,1
18095,1
27113,1
48057,0
40099,0
48053,0
48051,0
40093,0
40091,0
40097,0
40095,0
20077,0
37199,2
20073,0
37195,2
37197,2
37191,2
37193,2
20079,0
08071,0
08073,0
08075,0
08077,0
18167,1
28021,3
18165,1
18163,1
18161,1
28023,3
18169,1
08097,0
08095,0
08093,0
08091,0
28025,3
08099,0
29127,1
48399,0
29125,1
19035,0
29123,1
29121,0
51595,2
20139,0
29129,0
19033,1
48411,0
19031,1
13147,2
35049,0
35045,0
35047,0
35041,0
35043,0
48391,0
55139,1
55137,1
20137,0
55135,1
55133,1
55131,1
30087,0
31107,0
20135,0
31109,0
37103,0
47013,3
47011,3
47017,3
47015,3
29005,0
47019,3
39157,1
19165,0
39155,1
19167,0
27019,1
19161,0
39151,1
19163,1
27015,1
27017,1
27011,0
19169,1
27013,1
55009,1
12041,2
55003,1
28061,3
55001,1
37109,2
55007,1
55005,1
22031,0
22033,0
22035,0
22037,0
22039,0
06011,0
06013,0
06015,0
06017,0
06019,0
51630,2
02068,0
02060,0
39023,1
16003,0
39021,1
48367,0
39027,1
16007,0
39025,1
16005,0
27121,1
39029,1
16009,0
27125,1
27127,1
48361,0
21139,3
21131,1
21133,1
21135,1
21137,1
12027,2
12021,2
12023,2
46115,0
51830,2
12029,2
46073,0
36021,2
46077,0
42009,2
27069,1
06085,0
42005,2
46079,0
42003,2
42001,2
48369,0
51125,2
36025,2
51121,2
45015,2
40069,0
19085,0
48023,0
12111,2
12113,2
45013,0
12117,2
12119,2
40063,0
26059,1
17199,1
17197,1
26053,1
17195,1
26051,1
17193,1
26057,1
17191,1
26055,1
48209,0
48203,0
08117,0
48201,0
48207,0
48205,0
17175,1
17177,1
17171,1
08115,0
01079,3
01077,3
01075,3
17179,1
01071,3
51141,2
48339,0
48337,0
48335,0
48333,0
48331,0
48441,0
48115,0
48113,0
48111,0
40153,0
40151,0
48119,0
19151,1
48417,0
48147,0
13089,2
31105,0
13085,2
13087,2
13081,2
13083,3
26147,1
36109,2
13241,2
13247,2
13245,2
36101,2
36103,2
29087,0
36105,2
36107,2
31101,0
48063,0
48061,0
48067,0
48065,0
28093,3
48069,0
20043,0
20041,0
20047,0
20045,0
37189,2
37187,2
20049,0
26149,1
37183,2
37181,2
01095,3
01097,3
01091,3
31061,0
01093,3
01099,3
18171,1
18173,1
18175,1
18177,1
18179,1
54035,1
54037,2
54031,2
54033,1
54039,1
29131,0
29133,1
29135,0
29137,0
29139,1
18085,1
48091,0
18081,1
18083,1
18089,1
48097,0
40119,0
35059,0
19195,1
35055,0
31001,0
35053,0
31003,0
35051,0
19197,1
45069,2
13119,2
55129,1
11001,2
13051,2
55121,1
55123,1
55125,1
55127,1
28087,3
31173,0
47159,3
17159,1
28081,3
31179,0
28089,3
48083,0
51079,2
47009,3
47005,3
47007,3
47001,3
47003,3
19111,1
55015,1
19113,1
55017,1
19115,1
39145,1
19117,1
27009,1
19119,0
27007,1
27005,1
27003,1
27001,1
30097,0
51077,2
46025,0
51057,2
39153,1
46027,0
51051,3
02070,0
51053,2
27139,1
19029,0
39039,1
16039,0
16037,0
39035,1
16035,0
27131,1
19021,0
27137,1
16031,0
27135,1
37139,2
51800,2
51059,2
12051,2
12053,2
12055,2
39159,1
12057,2
12059,2
46033,0
42019,2
46047,0
42011,2
46045,0
42013,2
42015,2
46041,0
42017,2
51159,2
48347,0
51153,2
51155,2
51157,2
51073,2
48343,0
21097,1
17051,1
21093,1
21091,1
20167,0
51580,2
21099,3
26067,1
17153,1
26065,1
26063,1
26061,1
02261,0
26069,1
17189,1
17181,1
17183,1
17185,1
17187,1
36023,2
01069,3
17165,1
17163,1
17161,1
01061,3
01063,3
01065,3
01067,3
49023,0
48329,0
54087,1
48321,0
48323,0
48325,0
48327,0
48453,0
48451,0
48457,0
48455,0
48109,0
48459,0
13099,2
13097,2
13095,2
13093,2
13091,2
48215,0
36119,2
13259,2
48213,0
36113,2
36111,2
13251,2
13253,2
48079,0
48075,0
48077,0
40055,0
48071,0
48073,0
24025,2
53001,0
24027,2
24021,2
20059,0
24023,2
20055,0
20057,0
24029,2
20051,0
20053,0
40145,0
40147,0
01083,3
40143,0
26001,1
40149,0
01089,3
17087,1
18181,1
18183,1
17089,1
21121,1
54025,1
54023,2
54021,1
54029,1
30015,0
30017,0
30013,0
31019,0
35061,0
31013,0
31011,0
15007,0
48507,0
15003,0
30065,0
15001,0
15009,0
51069,2
27129,1
27087,1
23011,2
28091,3
23013,2
16001,0
23015,2
28095,3
23017,2
28097,3
23019,2
28099,3
31169,0
27081,1
47079,3
47071,3
47073,3
47075,3
27123,1
47077,3
55061,1
19103,1
55063,1
19101,1
55065,1
19107,1
55067,1
19105,1
27033,1
27031,1
19109,1
27037,1
27035,1
47105,3
47107,3
47101,3
47103,3
47109,3
27107,1
27105,1
27103,1
27101,1
29067,0
27109,1
39049,1
16029,0
19039,1
39041,1
16021,0
39043,1
16023,0
39045,1
16025,0
39047,1
16027,0
51810,2
33015,2
12043,2
13143,2
12047,2
48395,0
12045,2
12049,2
13145,2
46051,0
01009,3
46057,0
51149,2
13149,2
17169,1
51143,2
23027,2
51147,2
51145,2
33019,2
21081,1
21083,3
02270,0
21085,1
21087,1
21089,1
26071,1
26073,1
26075,1
26077,1
26079,1
47047,3
47049,3
36049,2
51063,2
05099,0
17151,1
46071,0
17157,1
17155,1
36045,2
05091,0
05093,0
05095,0
05097,0
36047,2
13319,2
13315,2
13317,2
13311,2
13313,3
48185,0
17081,1
42007,2
17083,1
17085,1
05149,0
05147,0
05145,0
36043,2
05143,0
05141,0
27047,1
29211,0
48469,0
48467,0
48465,0
45063,2
48463,0
48461,0
20119,0
20115,0
20117,0
20111,0
20113,0
36123,2
36121,2
13229,2
48265,0
48267,0
13221,2
13223,2
13225,2
13227,2
55091,1
40049,0
50001,2
40045,0
40047,0
40041,0
40043,0
48009,0
48001,0
48003,0
48005,0
48007,0
20029,0
24037,2
24035,2
24033,2
24031,2
20021,0
20025,0
20027,0
24039,2
13135,2
13137,2
13131,2
13133,2
50009,2
40139,0
13139,2
55053,1
53069,0
54013,1
54011,1
54017,1
54015,1
54019,1
48485,0
48487,0
38019,1
48483,0
38015,0
30075,0
38017,1
17107,1
38011,0
38013,0
17109,1
48169,0
30007,0
30005,0
30003,0
30001,0
31023,0
56019,0
31021,0
31027,0
31025,0
30009,0
55027,1
23003,2
23001,2
28069,3
23007,2
31159,0
23005,2
31157,0
28067,3
23009,2
31153,0
28063,3
27025,1
27027,1
27021,1
27023,1
47063,3
47061,3
27029,1
47065,3
55073,1
55071,1
55077,1
19139,1
55075,1
19137,0
19135,1
55079,1
51003,2
51550,2
51001,2
50023,2
50021,2
50027,2
50025,2
40137,0
02050,0
47117,3
47115,3
47113,3
01133,3
47119,3
27111,1
13037,2
27115,1
27117,0
27119,1
40035,0
28115,3
19009,0
39059,1
28111,3
28113,3
19003,0
39053,1
19001,1
39051,1
19007,1
39057,1
19005,1
39055,1
06109,0
12079,2
12077,2
12075,2
12073,2
12071,2
51177,2
26113,1
51175,2
51173,3
51171,2
49013,0
51179,2
51775,2
42093,2
51770,2
48449,0
26117,1
46083,0
46081,0
46087,0
49017,0
46085,0
49055,0
49057,0
49051,0
49053,0
21079,1
21075,3
21077,1
21071,1
21073,1
39075,1
26089,1
26085,1
26087,1
26081,1
26083,1
50011,2
21219,3
05089,0
17149,1
21211,1
05083,0
21213,3
05081,0
21215,1
17141,1
21217,1
17143,1
21189,1
13309,2
21181,1
13307,2
21183,1
13305,2
21185,1
13303,2
21187,1
13301,2
12095,2
17093,1
12097,2
17091,1
12091,2
17097,1
12093,2
17095,1
17099,1
12099,2
48479,0
48471,0
48473,0
48475,0
48477,0
39171,1
20109,0
20107,0
20105,0
20103,0
51075,2
39175,1
19143,0
48273,0
13239,3
48277,0
48275,0
13233,2
13231,2
13237,2
13235,2
41055,0
41057,0
44009,2
17173,1
41053,0
40059,0
44005,2
40057,0
44007,2
08125,0
44001,2
08123,0
44003,2
08121,0
48019,0
29099,1
29097,0
48013,0
29095,0
48011,0
29093,1
48017,0
29091,0
48015,0
24003,2
24001,2
24005,2
01073,3
24009,2
20031,0
20037,0
20035,0
37087,2
13127,2
37085,2
40121,0
37083,2
13123,2
37081,2
40125,0
40129,0
37089,2
13129,2
54009,1
54005,1
54007,1
54001,1
54003,2
48497,0
48495,0
48493,0
48491,0
50019,2
38005,1
38003,1
48499,0
46037,0
30031,0
30037,0
30035,0
30039,0
18035,1
18037,1
18031,1
18033,1
48489,0
18039,1
29075,0
29077,0
29071,1
29073,1
28079,3
31141,0
28075,3
29079,0
28073,3
23031,2
28071,3
47057,3
47055,3
02195,0
47051,3
02198,0
47059,3
27051,1
27053,1
27055,1
27057,1
27059,1
50017,2
19129,0
50015,2
50013,2
41059,0
55047,1
19121,1
55045,1
51013,2
55043,1
19125,1
51540,2
19127,1
35001,0
31035,0
31037,0
35005,0
51045,2
35007,0
31033,0
35009,0
31039,0
30073,0
48117,0
46123,0
46125,0
47123,3
47121,3
47127,3
47125,3
48445,0
47129,3
06035,0
39067,1
19015,1
39065,1
19017,1
39063,1
19011,1
39061,1
19013,1
19019,1
39069,1
28107,3
28105,3
28103,3
28101,3
27147,1
28109,0
27145,1
48431,0
45017,2
12069,2
29085,0
12061,2
12063,2
12065,2
12067,2
51161,2
51163,2
51165,2
51167,3
51169,3
24045,2
51760,2
29215,0
48045,0
46099,0
49049,0
49047,0
49045,0
49043,0
46093,0
21069,1
21067,1
21065,1
21063,1
21061,3
48297,0
26099,1
26097,1
26095,1
26093,1
26091,1
38085,0
30099,0
46015,0
21119,1
17139,1
28065,3
21209,1
17131,1
21203,1
17133,1
17135,1
21207,1
17137,1
21205,1
21199,1
21193,1
21191,1
21197,1
21195,1
12086,2
12087,2
12085,2
12083,2
12081,2
12089,2
17045,1
17047,1
17041,1
17043,1
20133,0
20131,0
17049,1
36039,2
48397,0
13207,2
13243,2
13205,2
13201,2
30071,0
13209,2
13169,2
48249,0
48247,0
48245,0
48243,0
48241,0
48027,0
41047,0
08119,0
41045,0
45011,2
41043,0
48021,0
41041,0
08113,0
40061,0
45019,2
48029,0
41049,0
20007,0
29089,0
20005,0
46017,0
20003,0
20001,0
29081,0
29083,0
13249,2
20009,0
46011,0
24019,2
24015,2
24017,2
24011,2
24013,2
13113,2
37091,2
13111,2
37093,2
13117,2
37095,2
13115,2
37097,2
40117,0
37099,2
40115,0
36069,2
40113,0
40111,0
09015,2
46019,0
54079,1
54071,2
09011,2
54073,1
54075,1
54077,1
38039,1
09013,2
38033,0
38031,1
54047,3
38037,0
38035,1
47067,3
51790,2
34019,2
30029,0
34011,2
30025,0
34013,2
30027,0
34015,2
30021,0
34017,2
30023,0
54105,1
18027,1
54107,1
18025,1
54101,1
18023,1
54103,1
18021,1
54109,1
18029,1
38105,0
38103,1
51009,2
38101,0
23029,2
28049,3
29065,1
29063,0
29061,0
28043,3
23021,2
28041,3
23023,2
28047,3
23025,2
28045,3
29069,1
47041,3
02180,0
47043,3
47045,3
02185,0
19133,0
02188,0
27043,1
27041,1
19131,1
27045,1
53049,0
27049,1
55059,1
50003,2
50005,2
50007,2
55051,1
51570,2
55055,1
55057,1
31041,0
35013,0
31043,0
35011,0
31045,0
35017,0
31047,0
35015,0
31049,0
35019,0
40033,0
51680,2
51683,2
51685,2
47139,3
39163,1
47135,3
47137,3
47131,3
47133,3
19061,1
39071,1
19063,0
39073,1
19065,1
29173,1
19067,1
39077,1
19069,1
39079,1
28133,3
28131,3
17129,1
28137,3
42109,2
28135,3
28139,3
37185,2
19099,1
51199,2
40013,0
51195,3
51197,2
22107,0
51191,3
51193,2
22081,0
22083,0
40011,0
22085,0
22087,0
22109,0
22089,0
13013,2
19097,1
40015,0
26035,1
19091,1
21059,1
21053,1
21051,1
19093,0
21057,1
21055,1
02220,0
46031,0
21237,1
21235,1
21233,1
21231,1
53045,0
26037,1
53047,0
47111,3
53041,0
21239,1
17039,1
13321,2
17123,1
17121,1
17127,3
17125,1
26135,1
26137,1
26131,1
26133,1
26139,1
20125,0
20127,0
20121,0
20123,0
17057,1
17055,1
17053,1
53031,0
48383,0
48381,0
48387,0
17059,1
13211,2
12131,2
13215,2
13217,2
13219,2
38069,0
01041,3
26031,1
48259,0
48251,0
26033,1
48255,0
48257,0
45007,2
41071,0
45005,2
45003,2
48037,0
48039,0
45009,2
20011,0
20013,0
20015,0
20017,0
20019,0
41063,0
01047,3
28117,3
40109,0
37069,2
13109,2
37065,2
13105,2
37067,2
13107,2
37061,2
13101,2
37063,2
13103,2
20083,0
04009,0
38025,0
29183,1
54069,1
29185,0
38021,1
29187,1
29186,1
29189,1
54063,1
04003,0
54061,1
04005,0
38029,0
04007,0
54065,2
28119,3
08105,0
08107,0
08101,0
08103,0
48059,0
40079,0
34009,2
30051,0
34003,2
30053,0
34001,2
34007,2
30057,0
34005,2
18013,1
18011,1
18017,1
18015,1
18019,1
29039,0
28057,3
28051,3
28053,3
28059,3
29053,0
29051,0
18087,1
37111,2
37113,2
29059,0
48385,0
37119,2
36015,2
13213,3
27079,1
27077,1
26023,1
27075,1
27073,1
31181,0
27071,1
48481,0
29035,1
31053,0
31051,0
35029,0
35028,0
35027,0
35025,0
31059,0
35023,0
55083,1
55081,1
55087,1
55085,1
55089,1
47149,3
51690,2
36019,2
47141,3
47143,3
47145,3
47147,3
19073,1
19071,0
39089,1
19077,1
19075,1
39085,1
39087,1
19079,1
39081,1
39083,1
28129,3
35057,0
28125,3
28127,3
28121,3
28123,3
16083,0
16081,0
16087,0
16085,0
29225,0
48253,0
02150,0
27149,1
51187,2
51185,3
51183,2
51181,2
27095,1
22093,0
27097,1
22091,0
27091,1
22097,0
27093,1
22095,0
22099,0
51740,2
21045,1
21047,3
21041,1
21043,1
17203,1
17201,1
21049,1
53023,0
48035,0
45001,2
48421,0
39033,1
51678,2
17117,1
21221,3
17115,1
21223,1
17113,1
21225,1
17111,1
21227,3
05055,0
53057,0
05057,0
53055,0
05051,0
53053,0
17119,1
53051,0
36099,2
36097,2
26029,1
36095,2
36093,2
36091,2
51670,2
42087,2
26127,1
42085,2
26125,1
42083,2
26123,1
42081,2
26121,1
42089,2
26129,1
20151,0
10005,2
20155,0
10001,2
20157,0
10003,2
20159,0
17063,1
48131,0
17061,1
17067,1
17065,1
17069,1
48133,0
21171,3
30077,0
31079,0
48427,0
28085,3
28083,3
46089,0
45033,2
45031,2
56027,0
45037,2
31177,0
45035,2
41065,0
45039,2
41067,0
41061,0
21179,1
48283,0
48281,0
48287,0
48285,0
29155,1
48289,0
26013,1
36075,2
36077,2
36071,2
36073,2
37079,2
13171,2
37077,2
13173,2
37075,2
13175,2
37073,2
13177,2
37071,2
54057,2
54055,3
54053,1
54051,1
08005,0
08007,0
32021,0
08001,0
08003,0
38051,0
38053,0
04019,0
38055,0
29197,0
38057,0
29195,0
38059,0
04013,0
04011,0
04017,0
04015,0
42117,2
13005,2
13007,2
13001,2
13003,2
19183,1
40009,0
13009,2
30049,0
30043,0
30041,0
30047,0
19187,1
18009,1
40101,0
18005,1
18007,1
18001,1
18003,1
20205,0
20207,0
40103,0
20201,0
28027,3
28029,3
45091,2
20209,0
40105,0
37107,2
37105,2
29049,0
37101,2
29045,1
29047,0
29041,0
29510,1
29043,0
51510,2
51515,2
27061,1
27063,1
27065,1
27067,1
34037,2
35039,0
34035,2
34033,2
34031,2
31067,0
35031,0
31065,0
35033,0
31063,0
35035,0
34039,2
35037,0
51021,3
02090,0
55099,1
06089,0
39141,1
06087,0
55095,1
19193,0
55097,1
06083,0
51023,2
06081,0
55093,1
31087,0
39143,1
31081,0
31083,0
49021,0
47153,3
47151,3
31089,0
47157,3
47155,3
29181,1
46035,0
51027,3
19049,1
39099,1
19047,0
39097,1
19045,1
39095,1
19043,1
39093,1
19041,0
39091,1
28159,3
51029,2
26015,1
39149,1
28151,3
28153,3
49027,0
28155,3
28157,0
38023,0
48379,0
55019,1
04001,0
17023,1
39147,1
40085,0
54067,1
48373,0
27085,1
27083,1
27099,1
51730,2
51735,2
48371,0
27089,1
21031,3
21033,1
21035,3
21037,1
37161,2
21039,3
48377,0
22045,0
39111,1
22047,0
22041,0
48375,0
22043,0
25027,2
25025,2
22049,0
25023,2
25021,2
06065,0
06067,0
06061,0
06063,0
06069,0
26011,1
51640,2
37169,2
40067,0
56015,0
17101,1
56017,0
17103,1
56011,0
17105,1
56013,0
05049,0
53063,0
05047,0
53061,0
05045,0
53067,0
05043,0
53065,0
05041,0
36089,2
21149,1
17145,1
21145,3
36081,2
21147,1
36083,2
21141,3
36085,2
21143,1
36087,2
17147,1
40075,0
05087,0
49011,0
42091,2
26111,1
40077,0
40065,0
42095,2
26115,1
42097,2
49019,0
42099,2
26119,1
05085,0
40071,0
20143,0
20141,0
20147,0
20145,0
20149,0
17079,1
17075,1
17077,1
17071,1
17073,1
51019,2
08109,0
48413,0
41019,0
45029,2
41011,0
45025,2
41013,0
45027,2
41015,0
45021,2
41017,0
45023,2
24047,2
29213,0
24043,2
48299,0
24041,2
29219,1
48295,0
40031,0
48291,0
48293,0
53013,0
36067,2
37049,0
36065,2
36063,2
36061,2
37043,2
13163,2
37041,2
13161,2
37047,2
13167,2
37045,2
13165,2
04027,0
54041,1
04025,0
54043,1
04023,0
54045,1
04021,0
08019,0
54049,1
08014,0
08015,0
08013,0
08011,0
38043,0
38041,0
38047,0
38045,1
38049,0
13017,2
13015,2
40017,0
13011,2
30107,0
30105,0
40019,0
30101,0
13019,2
18079,1
18071,1
18073,1
18075,1
18077,1
28033,3
28031,3
28037,3
28035,3
48189,0
28039,3
37133,0
37131,2
37137,0
37135,2
29031,1
29033,0
19023,1
29037,0
47099,3
47093,3
47091,3
47097,3
47095,3
40037,0
18105,1
19025,1
18107,1
18101,1
18103,1
27133,0
18109,1
19027,1
51071,2
39037,1
39031,1
29145,0
34021,2
29147,0
34023,2
29141,0
34025,2
29143,1
34027,2
34029,2
31073,0
29149,0
31077,0
47167,3
06099,0
47165,3
19189,1
47163,3
47161,3
06091,0
06093,0
06095,0
47169,3
06097,0
31097,0
31095,0
31093,0
31099,0
19059,0
19051,1
19053,1
19055,1
19057,1
28149,3
28143,3
28141,3
28147,3
28145,3
26007,1
37031,0
22123,0
22121,0
22127,0
22125,0
02170,0
31143,0
39135,1
39137,1
39131,1
39133,1
51720,3
39139,1
21023,1
21021,1
21027,1
21025,1
21029,1
22057,0
25019,2
22055,0
22053,0
22051,0
25013,2
25011,2
25017,2
25015,2
22059,0
06077,0
06075,0
06073,0
06071,0
31145,0
06079,0
48271,0
51650,2
26003,1
56007,0
05079,0
56005,0
56003,0
56001,0
05073,0
05071,0
05077,0
05075,0
56009,0
21159,1
21157,3
21155,1
21153,1
21151,1
48279,0
31147,0
46121,0
49003,0
49001,0
42069,2
26109,1
49005,0
42065,2
26105,1
42067,2
26107,1
42061,2
26101,1
42063,2
26103,1
40053,0
40107,0
48355,0
20175,0
20173,0
20171,0
17009,1
31185,0
17001,1
41051,0
17003,1
17005,1
17007,1
13185,2
53075,0
53077,0
53071,0
53073,0
40051,0
41009,0
45051,2
41003,0
45053,0
41001,0
45055,2
41007,0
45057,2
41005,0
29203,0
29201,1
29207,1
29205,0
29209,0
13157,2
37055,2
13155,2
37057,2
13153,2
37051,2
13151,2
37053,2
01015,3
01017,2
01011,3
37059,2
13159,2
42115,2
33009,2
42111,2
36055,2
33003,2
48157,0
36059,2
33007,2
33005,2
09007,2
08029,0
09005,2
09003,2
09001,2
08023,0
08021,0
08027,0
08025,0
09009,2
48175,0
48177,0
48171,0
38079,1
38077,1
38075,0
38073,1
48159,0
38071,1
20195,0
20197,0
20191,0
20193,0
13023,2
13021,2
13027,2
13025,2
40027,0
30111,0
13029,2
39005,1
01125,3
01127,3
31055,0
18069,1
18063,1
18061,1
18067,1
18065,1
28009,3
28007,3
28005,3
28003,3
21095,3
28001,3
29029,0
37129,2
39007,1
37125,2
29021,0
29027,0
29025,0
18117,1
18115,1
18113,1
18111,1
18119,1
45077,2
51007,2
40123,0
24510,2
29157,1
38097,1
13125,2
38091,1
29153,0
38093,1
29151,0
48085,0
38099,1
29159,0
47171,3
47173,3
47175,3
37115,2
47179,3
13121,2
29217,0
51005,2
47027,3
47085,3
47087,3
13047,3
47083,3
47089,3
55141,1
19083,1
22115,0
37117,2
16059,0
22111,0
16055,0
16057,0
16051,0
16053,0
51710,2
02164,0
51087,2
39127,1
51085,2
39125,1
51083,2
39123,1
51081,2
39121,1
31155,0
51089,2
39129,1
25005,2
25007,2
25001,2
21019,1
25003,2
21017,1
21015,1
21013,3
25009,2
21011,1
22063,0
22061,0
22067,0
22065,0
22069,0
06043,0
06041,0
49009,0
06047,0
06045,0
48389,0
46119,0
48197,0
06049,0
51660,2
56033,0
56031,0
56037,0
56035,0
56039,0
21169,3
32031,0
32033,0
21163,1
48359,0
21161,1
21167,1
21165,1
48195,0
51049,2
20177,0
46029,0
31151,0
49039,0
42079,2
49037,0
42077,2
49035,0
42075,2
49033,0
42073,2
46023,0
42071,2
48237,0
20169,0
48349,0
20161,0
20163,0
20165,0
48341,0
51043,2
17019,1
48353,0
55037,1
17013,1
17011,1
17017,1
17015,1
48193,0
39161,1
17167,1
51047,2
51017,2
38009,0
39167,1
26005,1
05065,0
53003,0
05067,0
53005,0
05061,0
53007,0
05063,0
53009,0
55031,1
26009,1
05069,0
48505,0
45049,0
48501,0
48503,0
45043,2
45041,2
45047,2
45045,2
51750,2
17029,1
37021,2
13141,2
37023,2
33017,2
37025,2
33011,2
37027,2
33013,2
37029,2
01007,3
01005,3
01003,3
01001,3
42107,2
42105,2
42103,2
42101,2
48181,0
48183,0
36041,2
48187,0
48167,0
48165,0
48163,0
48161,0
38061,0
38063,1
38065,0
38067,1
20185,0
20183,0
20181,0
20189,0
41037,0
40039,0
41035,0
48415,0
41033,0
13039,2
41031,0
13035,2
01131,3
13031,2
41039,0
13033,2
18057,1
18055,1
48095,0
18053,1
18051,1
18059,1
51101,2
30045,0
31163,0
29017,1
28019,3
29015,0
29013,0
29011,0
28011,3
28013,3
28015,3
29019,0
28017,3
37159,2
08035,0
08037,0
08031,0
08033,0
37151,2
37153,2
37155,2
08039,0
37157,2
18123,1
18121,1
18127,1
18125,1
51520,3
31161,0
18129,1
55041,1
29163,1
38087,0
29161,1
51035,2
29167,0
29165,0
38081,1
30095,0
29169,0
30091,0
30093,0
38089,0
45059,2
47189,3
47185,3
47187,3
49007,0
47181,3
47183,3
48103,0
31167,0
18135,1
48105,0
28161,3
28163,3
48107,0
42113,2
40127,0
39013,1
48031,0
22101,0
22103,0
22105,0
16049,0
16047,0
16045,0
16043,0
16041,0
31165,0
51700,2
02110,0
39113,1
32510,0
51093,2
39117,1
51095,2
39115,1
51097,2
51099,2
39119,1
39019,1
21009,3
21001,1
21003,3
21005,1
21007,3
48357,0
22079,0
22075,0
22077,0
22071,0
22073,0
46103,0
46101,0
02020,0
06055,0
06057,0
06051,0
06053,0
27165,1
27167,1
27161,1
27163,1
27169,1
21175,1
53043,0
21177,1
56029,0
21173,1
51067,2
56025,0
30089,0
56021,0
56023,0
32027,0
32023,0
28077,3
01019,3
22113,0
32029,0
30085,0
30083,0
49029,0
42049,2
46039,0
42043,2
26163,1
42041,2
26161,1
42047,2
49025,0
42045,2
26165,1
17027,1
17025,1
05129,0
17021,1
05125,0
05127,0
05121,0
05123,0
48225,0
01013,3
51820,2
47053,3
48081,0
36053,2
36051,2
05011,0
26017,1
05013,0
53011,0
05015,0
53017,0
05017,0
53015,0
05019,0
36057,2
02290,0
53019,0
26019,1
48199,0
42033,2
48227,0
46063,2
29229,0
13255,2
29221,1
29223,1
33001,2
29227,0
37033,2
01039,3
13257,2
37037,2
37035,2
01033,3
42119,2
01031,3
37039,2
01037,3
01035,3
36117,2
42133,2
42131,2
48191,0
36031,2
36033,2
36115,2
36035,2
36037,2
46109,0
54099,1
54093,1
54091,1
54097,1
54095,1
48153,0
48151,0
48409,0
48155,0
48405,0
48407,0
48401,0
48403,0
01107,3
01105,3
01103,3
01101,3
01109,3
13049,2
45075,2
41023,0
45073,2
41025,0
45071,2
41027,0
48089,0
41029,0
13043,2
13045,2
45079,2
18041,1
18043,1
48223,0
18045,1
18047,1
18049,1
48087,0
55078,1
29001,0
29003,0
55049,1
29007,0
29009,0
08041,0
29057,0
08043,0
37149,2
08045,0
08047,0
51011,2
08049,0
37143,2
37141,2
37147,2
37145,2
19123,1
31139,0
48173,0
51025,2
31135,0
31137,0
31131,0
40131,0
31133,0
51015,2
18139,1
05059,0
18137,1
18131,1
18133,1
48179,0
53059,0
29179,1
21229,1
29175,0
29177,0
29171,0
30081,0
40133,0
35006,0
05053,0
49015,0
31175,0
